Time,ICCID(SIM ID),Arbitrary Column,Connection Event,Bytes Used,NodeID
2022-03-11 02:43:03.118992,1111111111,xyz,Connected,0,A000001
2022-03-11 02:43:03.118992,2222222222,xyz,Connected,0,A000002
2022-03-11 02:43:03.118992,3333333333,xyz,Connected,0,A000003
2022-03-11 02:43:03.118992,4444444444,xyz,Connected,0,A000004
2022-03-11 02:43:03.118992,5555555555,xyz,Connected,0,A000005
2022-03-11 02:43:03.138926,1111111111,xyz,Disconnected,2000,A000001
2022-03-11 02:43:03.138926,2222222222,xyz,Disconnected,2000,A000002
2022-03-11 02:43:03.138926,3333333333,xyz,Disconnected,2000,A000003
2022-03-11 02:43:03.138926,4444444444,xyz,Disconnected,2000,A000004
2022-03-11 02:43:03.138926,5555555555,xyz,Disconnected,2000,A000005
2022-03-11 02:43:03.154873,1111111111,xyz,Connected,0,A000001
2022-03-11 02:43:03.154873,2222222222,xyz,Connected,0,A000002
2022-03-11 02:43:03.154873,3333333333,xyz,Connected,0,A000003
2022-03-11 02:43:03.154873,4444444444,xyz,Connected,0,A000004
2022-03-11 02:43:03.154873,5555555555,xyz,Connected,0,A000005
2022-03-11 02:43:03.185770,1111111111,xyz,Disconnected,2000,A000001
2022-03-11 02:43:03.185770,2222222222,xyz,Disconnected,2000,A000002
2022-03-11 02:43:03.185770,3333333333,xyz,Disconnected,2000,A000003
2022-03-11 02:43:03.185770,4444444444,xyz,Disconnected,2000,A000004
2022-03-11 02:43:03.185770,5555555555,xyz,Disconnected,2000,A000005
2022-03-11 02:43:03.200719,1111111111,xyz,Connected,0,A000001
2022-03-11 02:43:03.200719,2222222222,xyz,Connected,0,A000002
2022-03-11 02:43:03.200719,3333333333,xyz,Connected,0,A000003
2022-03-11 02:43:03.200719,4444444444,xyz,Connected,0,A000004
2022-03-11 02:43:03.200719,5555555555,xyz,Connected,0,A000005
2022-03-11 02:43:03.231365,1111111111,xyz,Disconnected,2000,A000001
2022-03-11 02:43:03.231365,2222222222,xyz,Disconnected,2000,A000002
2022-03-11 02:43:03.231365,3333333333,xyz,Disconnected,2000,A000003
2022-03-11 02:43:03.231365,4444444444,xyz,Disconnected,2000,A000004
2022-03-11 02:43:03.231365,5555555555,xyz,Disconnected,2000,A000005
2022-03-11 02:43:03.247308,1111111111,xyz,Connected,0,A000001
2022-03-11 02:43:03.247308,2222222222,xyz,Connected,0,A000002
2022-03-11 02:43:03.247308,3333333333,xyz,Connected,0,A000003
2022-03-11 02:43:03.247308,4444444444,xyz,Connected,0,A000004
2022-03-11 02:43:03.247308,5555555555,xyz,Connected,0,A000005
2022-03-11 02:43:03.278865,1111111111,xyz,Disconnected,2000,A000001
2022-03-11 02:43:03.278865,2222222222,xyz,Disconnected,2000,A000002
2022-03-11 02:43:03.278865,3333333333,xyz,Disconnected,2000,A000003
2022-03-11 02:43:03.278865,4444444444,xyz,Disconnected,2000,A000004
2022-03-11 02:43:03.278865,5555555555,xyz,Disconnected,2000,A000005
2022-03-11 02:43:03.293326,1111111111,xyz,Connected,0,A000001
2022-03-11 02:43:03.293326,2222222222,xyz,Connected,0,A000002
2022-03-11 02:43:03.293326,3333333333,xyz,Connected,0,A000003
2022-03-11 02:43:03.293326,4444444444,xyz,Connected,0,A000004
2022-03-11 02:43:03.293326,5555555555,xyz,Connected,0,A000005
2022-03-11 02:43:03.323375,1111111111,xyz,Disconnected,2000,A000001
2022-03-11 02:43:03.323375,2222222222,xyz,Disconnected,2000,A000002
2022-03-11 02:43:03.323375,3333333333,xyz,Disconnected,2000,A000003
2022-03-11 02:43:03.323375,4444444444,xyz,Disconnected,2000,A000004
2022-03-11 02:43:03.323375,5555555555,xyz,Disconnected,2000,A000005
2022-03-11 02:43:03.338736,1111111111,xyz,Connected,0,A000001
2022-03-11 02:43:03.338736,2222222222,xyz,Connected,0,A000002
2022-03-11 02:43:03.338736,3333333333,xyz,Connected,0,A000003
2022-03-11 02:43:03.338736,4444444444,xyz,Connected,0,A000004
2022-03-11 02:43:03.338736,5555555555,xyz,Connected,0,A000005
2022-03-11 02:43:03.369569,1111111111,xyz,Disconnected,2000,A000001
2022-03-11 02:43:03.369569,2222222222,xyz,Disconnected,2000,A000002
2022-03-11 02:43:03.369569,3333333333,xyz,Disconnected,2000,A000003
2022-03-11 02:43:03.369569,4444444444,xyz,Disconnected,2000,A000004
2022-03-11 02:43:03.369569,5555555555,xyz,Disconnected,2000,A000005
2022-03-11 02:43:03.384818,1111111111,xyz,Connected,0,A000001
2022-03-11 02:43:03.384818,2222222222,xyz,Connected,0,A000002
2022-03-11 02:43:03.384818,3333333333,xyz,Connected,0,A000003
2022-03-11 02:43:03.384818,4444444444,xyz,Connected,0,A000004
2022-03-11 02:43:03.384818,5555555555,xyz,Connected,0,A000005
2022-03-11 02:43:03.415419,1111111111,xyz,Disconnected,2000,A000001
2022-03-11 02:43:03.415419,2222222222,xyz,Disconnected,2000,A000002
2022-03-11 02:43:03.415419,3333333333,xyz,Disconnected,2000,A000003
2022-03-11 02:43:03.415419,4444444444,xyz,Disconnected,2000,A000004
2022-03-11 02:43:03.415419,5555555555,xyz,Disconnected,2000,A000005
2022-03-11 02:43:03.430787,1111111111,xyz,Connected,0,A000001
2022-03-11 02:43:03.430787,2222222222,xyz,Connected,0,A000002
2022-03-11 02:43:03.430787,3333333333,xyz,Connected,0,A000003
2022-03-11 02:43:03.430787,4444444444,xyz,Connected,0,A000004
2022-03-11 02:43:03.430787,5555555555,xyz,Connected,0,A000005
2022-03-11 02:43:03.462684,1111111111,xyz,Disconnected,2000,A000001
2022-03-11 02:43:03.462684,2222222222,xyz,Disconnected,2000,A000002
2022-03-11 02:43:03.462684,3333333333,xyz,Disconnected,2000,A000003
2022-03-11 02:43:03.462684,4444444444,xyz,Disconnected,2000,A000004
2022-03-11 02:43:03.462684,5555555555,xyz,Disconnected,2000,A000005
2022-03-11 02:43:03.477629,1111111111,xyz,Connected,0,A000001
2022-03-11 02:43:03.477629,2222222222,xyz,Connected,0,A000002
2022-03-11 02:43:03.477629,3333333333,xyz,Connected,0,A000003
2022-03-11 02:43:03.477629,4444444444,xyz,Connected,0,A000004
2022-03-11 02:43:03.477629,5555555555,xyz,Connected,0,A000005
2022-03-11 02:43:03.508365,1111111111,xyz,Disconnected,2000,A000001
2022-03-11 02:43:03.508365,2222222222,xyz,Disconnected,2000,A000002
2022-03-11 02:43:03.508365,3333333333,xyz,Disconnected,2000,A000003
2022-03-11 02:43:03.508365,4444444444,xyz,Disconnected,2000,A000004
2022-03-11 02:43:03.508365,5555555555,xyz,Disconnected,2000,A000005
2022-03-11 02:43:03.523315,1111111111,xyz,Connected,0,A000001
2022-03-11 02:43:03.523315,2222222222,xyz,Connected,0,A000002
2022-03-11 02:43:03.523315,3333333333,xyz,Connected,0,A000003
2022-03-11 02:43:03.523315,4444444444,xyz,Connected,0,A000004
2022-03-11 02:43:03.523315,5555555555,xyz,Connected,0,A000005
2022-03-11 02:43:03.553377,1111111111,xyz,Disconnected,2000,A000001
2022-03-11 02:43:03.553377,2222222222,xyz,Disconnected,2000,A000002
2022-03-11 02:43:03.553377,3333333333,xyz,Disconnected,2000,A000003
2022-03-11 02:43:03.553377,4444444444,xyz,Disconnected,2000,A000004
2022-03-11 02:43:03.553377,5555555555,xyz,Disconnected,2000,A000005
2022-03-11 02:43:03.567858,1111111111,xyz,Connected,0,A000001
2022-03-11 02:43:03.567858,2222222222,xyz,Connected,0,A000002
2022-03-11 02:43:03.567858,3333333333,xyz,Connected,0,A000003
2022-03-11 02:43:03.567858,4444444444,xyz,Connected,0,A000004
2022-03-11 02:43:03.569015,5555555555,xyz,Connected,0,A000005
2022-03-11 02:43:03.599013,1111111111,xyz,Disconnected,2000,A000001
2022-03-11 02:43:03.599013,2222222222,xyz,Disconnected,2000,A000002
2022-03-11 02:43:03.599013,3333333333,xyz,Disconnected,2000,A000003
2022-03-11 02:43:03.599013,4444444444,xyz,Disconnected,2000,A000004
2022-03-11 02:43:03.599013,5555555555,xyz,Disconnected,2000,A000005
2022-03-11 02:43:03.614470,1111111111,xyz,Connected,0,A000001
2022-03-11 02:43:03.614470,2222222222,xyz,Connected,0,A000002
2022-03-11 02:43:03.614470,3333333333,xyz,Connected,0,A000003
2022-03-11 02:43:03.614470,4444444444,xyz,Connected,0,A000004
2022-03-11 02:43:03.614470,5555555555,xyz,Connected,0,A000005
2022-03-11 02:43:03.687609,1111111111,xyz,Disconnected,2000,A000001
2022-03-11 02:43:03.687609,2222222222,xyz,Disconnected,2000,A000002
2022-03-11 02:43:03.687609,3333333333,xyz,Disconnected,2000,A000003
2022-03-11 02:43:03.687609,4444444444,xyz,Disconnected,2000,A000004
2022-03-11 02:43:03.687609,5555555555,xyz,Disconnected,2000,A000005
2022-03-11 02:43:03.692128,1111111111,xyz,Connected,0,A000001
2022-03-11 02:43:03.692128,2222222222,xyz,Connected,0,A000002
2022-03-11 02:43:03.692128,3333333333,xyz,Connected,0,A000003
2022-03-11 02:43:03.692128,4444444444,xyz,Connected,0,A000004
2022-03-11 02:43:03.692128,5555555555,xyz,Connected,0,A000005
2022-03-11 02:43:03.722399,1111111111,xyz,Disconnected,2000,A000001
2022-03-11 02:43:03.722549,2222222222,xyz,Disconnected,2000,A000002
2022-03-11 02:43:03.722549,3333333333,xyz,Disconnected,2000,A000003
2022-03-11 02:43:03.722549,4444444444,xyz,Disconnected,2000,A000004
2022-03-11 02:43:03.722549,5555555555,xyz,Disconnected,2000,A000005
2022-03-11 02:43:03.737690,1111111111,xyz,Connected,0,A000001
2022-03-11 02:43:03.737690,2222222222,xyz,Connected,0,A000002
2022-03-11 02:43:03.737690,3333333333,xyz,Connected,0,A000003
2022-03-11 02:43:03.737690,4444444444,xyz,Connected,0,A000004
2022-03-11 02:43:03.737690,5555555555,xyz,Connected,0,A000005
2022-03-11 02:43:03.769296,1111111111,xyz,Disconnected,2000,A000001
2022-03-11 02:43:03.769296,2222222222,xyz,Disconnected,2000,A000002
2022-03-11 02:43:03.769296,3333333333,xyz,Disconnected,2000,A000003
2022-03-11 02:43:03.769296,4444444444,xyz,Disconnected,2000,A000004
2022-03-11 02:43:03.769296,5555555555,xyz,Disconnected,2000,A000005
2022-03-11 02:43:03.784209,1111111111,xyz,Connected,0,A000001
2022-03-11 02:43:03.784209,2222222222,xyz,Connected,0,A000002
2022-03-11 02:43:03.784209,3333333333,xyz,Connected,0,A000003
2022-03-11 02:43:03.784209,4444444444,xyz,Connected,0,A000004
2022-03-11 02:43:03.784209,5555555555,xyz,Connected,0,A000005
2022-03-11 02:43:03.814277,1111111111,xyz,Disconnected,2000,A000001
2022-03-11 02:43:03.814277,2222222222,xyz,Disconnected,2000,A000002
2022-03-11 02:43:03.814277,3333333333,xyz,Disconnected,2000,A000003
2022-03-11 02:43:03.814277,4444444444,xyz,Disconnected,2000,A000004
2022-03-11 02:43:03.814277,5555555555,xyz,Disconnected,2000,A000005
2022-03-11 02:43:03.829226,1111111111,xyz,Connected,0,A000001
2022-03-11 02:43:03.829226,2222222222,xyz,Connected,0,A000002
2022-03-11 02:43:03.829226,3333333333,xyz,Connected,0,A000003
2022-03-11 02:43:03.829226,4444444444,xyz,Connected,0,A000004
2022-03-11 02:43:03.829226,5555555555,xyz,Connected,0,A000005
2022-03-11 02:43:03.859483,1111111111,xyz,Disconnected,2000,A000001
2022-03-11 02:43:03.859483,2222222222,xyz,Disconnected,2000,A000002
2022-03-11 02:43:03.859483,3333333333,xyz,Disconnected,2000,A000003
2022-03-11 02:43:03.859483,4444444444,xyz,Disconnected,2000,A000004
2022-03-11 02:43:03.859483,5555555555,xyz,Disconnected,2000,A000005
2022-03-11 02:43:03.874424,1111111111,xyz,Connected,0,A000001
2022-03-11 02:43:03.874424,2222222222,xyz,Connected,0,A000002
2022-03-11 02:43:03.874424,3333333333,xyz,Connected,0,A000003
2022-03-11 02:43:03.874424,4444444444,xyz,Connected,0,A000004
2022-03-11 02:43:03.874424,5555555555,xyz,Connected,0,A000005
2022-03-11 02:43:03.904377,1111111111,xyz,Disconnected,2000,A000001
2022-03-11 02:43:03.904377,2222222222,xyz,Disconnected,2000,A000002
2022-03-11 02:43:03.904377,3333333333,xyz,Disconnected,2000,A000003
2022-03-11 02:43:03.904377,4444444444,xyz,Disconnected,2000,A000004
2022-03-11 02:43:03.904377,5555555555,xyz,Disconnected,2000,A000005
2022-03-11 02:43:03.920408,1111111111,xyz,Connected,0,A000001
2022-03-11 02:43:03.920408,2222222222,xyz,Connected,0,A000002
2022-03-11 02:43:03.920408,3333333333,xyz,Connected,0,A000003
2022-03-11 02:43:03.920408,4444444444,xyz,Connected,0,A000004
2022-03-11 02:43:03.920408,5555555555,xyz,Connected,0,A000005
2022-03-11 02:43:03.951660,1111111111,xyz,Disconnected,2000,A000001
2022-03-11 02:43:03.951660,2222222222,xyz,Disconnected,2000,A000002
2022-03-11 02:43:03.951660,3333333333,xyz,Disconnected,2000,A000003
2022-03-11 02:43:03.951660,4444444444,xyz,Disconnected,2000,A000004
2022-03-11 02:43:03.951660,5555555555,xyz,Disconnected,2000,A000005
2022-03-11 02:43:03.966614,1111111111,xyz,Connected,0,A000001
2022-03-11 02:43:03.966614,2222222222,xyz,Connected,0,A000002
2022-03-11 02:43:03.966614,3333333333,xyz,Connected,0,A000003
2022-03-11 02:43:03.966614,4444444444,xyz,Connected,0,A000004
2022-03-11 02:43:03.966614,5555555555,xyz,Connected,0,A000005
2022-03-11 02:43:03.997497,1111111111,xyz,Disconnected,2000,A000001
2022-03-11 02:43:03.997497,2222222222,xyz,Disconnected,2000,A000002
2022-03-11 02:43:03.997497,3333333333,xyz,Disconnected,2000,A000003
2022-03-11 02:43:03.997497,4444444444,xyz,Disconnected,2000,A000004
2022-03-11 02:43:03.997497,5555555555,xyz,Disconnected,2000,A000005
2022-03-11 02:43:04.012445,1111111111,xyz,Connected,0,A000001
2022-03-11 02:43:04.012445,2222222222,xyz,Connected,0,A000002
2022-03-11 02:43:04.012445,3333333333,xyz,Connected,0,A000003
2022-03-11 02:43:04.012445,4444444444,xyz,Connected,0,A000004
2022-03-11 02:43:04.012445,5555555555,xyz,Connected,0,A000005
2022-03-11 02:43:04.043465,1111111111,xyz,Disconnected,2000,A000001
2022-03-11 02:43:04.043516,2222222222,xyz,Disconnected,2000,A000002
2022-03-11 02:43:04.043516,3333333333,xyz,Disconnected,2000,A000003
2022-03-11 02:43:04.043516,4444444444,xyz,Disconnected,2000,A000004
2022-03-11 02:43:04.043516,5555555555,xyz,Disconnected,2000,A000005
2022-03-11 02:43:04.058990,1111111111,xyz,Connected,0,A000001
2022-03-11 02:43:04.058990,2222222222,xyz,Connected,0,A000002
2022-03-11 02:43:04.058990,3333333333,xyz,Connected,0,A000003
2022-03-11 02:43:04.058990,4444444444,xyz,Connected,0,A000004
2022-03-11 02:43:04.058990,5555555555,xyz,Connected,0,A000005
2022-03-11 02:43:04.089894,1111111111,xyz,Disconnected,2000,A000001
2022-03-11 02:43:04.089894,2222222222,xyz,Disconnected,2000,A000002
2022-03-11 02:43:04.089894,3333333333,xyz,Disconnected,2000,A000003
2022-03-11 02:43:04.089894,4444444444,xyz,Disconnected,2000,A000004
2022-03-11 02:43:04.089894,5555555555,xyz,Disconnected,2000,A000005
2022-03-11 02:43:04.104861,1111111111,xyz,Connected,0,A000001
2022-03-11 02:43:04.104861,2222222222,xyz,Connected,0,A000002
2022-03-11 02:43:04.104861,3333333333,xyz,Connected,0,A000003
2022-03-11 02:43:04.104861,4444444444,xyz,Connected,0,A000004
2022-03-11 02:43:04.104861,5555555555,xyz,Connected,0,A000005
2022-03-11 02:43:04.135481,1111111111,xyz,Disconnected,2000,A000001
2022-03-11 02:43:04.135481,2222222222,xyz,Disconnected,2000,A000002
2022-03-11 02:43:04.135481,3333333333,xyz,Disconnected,2000,A000003
2022-03-11 02:43:04.135481,4444444444,xyz,Disconnected,2000,A000004
2022-03-11 02:43:04.135481,5555555555,xyz,Disconnected,2000,A000005
2022-03-11 02:43:04.151683,1111111111,xyz,Connected,0,A000001
2022-03-11 02:43:04.151683,2222222222,xyz,Connected,0,A000002
2022-03-11 02:43:04.151683,3333333333,xyz,Connected,0,A000003
2022-03-11 02:43:04.151683,4444444444,xyz,Connected,0,A000004
2022-03-11 02:43:04.151683,5555555555,xyz,Connected,0,A000005
2022-03-11 02:43:04.182449,1111111111,xyz,Disconnected,2000,A000001
2022-03-11 02:43:04.182449,2222222222,xyz,Disconnected,2000,A000002
2022-03-11 02:43:04.182449,3333333333,xyz,Disconnected,2000,A000003
2022-03-11 02:43:04.182449,4444444444,xyz,Disconnected,2000,A000004
2022-03-11 02:43:04.182449,5555555555,xyz,Disconnected,2000,A000005
2022-03-11 02:43:04.197648,1111111111,xyz,Connected,0,A000001
2022-03-11 02:43:04.197648,2222222222,xyz,Connected,0,A000002
2022-03-11 02:43:04.197648,3333333333,xyz,Connected,0,A000003
2022-03-11 02:43:04.197648,4444444444,xyz,Connected,0,A000004
2022-03-11 02:43:04.197648,5555555555,xyz,Connected,0,A000005
2022-03-11 02:43:04.228550,1111111111,xyz,Disconnected,2000,A000001
2022-03-11 02:43:04.228550,2222222222,xyz,Disconnected,2000,A000002
2022-03-11 02:43:04.228550,3333333333,xyz,Disconnected,2000,A000003
2022-03-11 02:43:04.228550,4444444444,xyz,Disconnected,2000,A000004
2022-03-11 02:43:04.228550,5555555555,xyz,Disconnected,2000,A000005
2022-03-11 02:43:04.244493,1111111111,xyz,Connected,0,A000001
2022-03-11 02:43:04.244493,2222222222,xyz,Connected,0,A000002
2022-03-11 02:43:04.244493,3333333333,xyz,Connected,0,A000003
2022-03-11 02:43:04.244493,4444444444,xyz,Connected,0,A000004
2022-03-11 02:43:04.244493,5555555555,xyz,Connected,0,A000005
2022-03-11 02:43:04.274858,1111111111,xyz,Disconnected,2000,A000001
2022-03-11 02:43:04.274858,2222222222,xyz,Disconnected,2000,A000002
2022-03-11 02:43:04.274858,3333333333,xyz,Disconnected,2000,A000003
2022-03-11 02:43:04.274858,4444444444,xyz,Disconnected,2000,A000004
2022-03-11 02:43:04.274858,5555555555,xyz,Disconnected,2000,A000005
2022-03-11 02:43:04.289878,1111111111,xyz,Connected,0,A000001
2022-03-11 02:43:04.289878,2222222222,xyz,Connected,0,A000002
2022-03-11 02:43:04.289878,3333333333,xyz,Connected,0,A000003
2022-03-11 02:43:04.289878,4444444444,xyz,Connected,0,A000004
2022-03-11 02:43:04.289878,5555555555,xyz,Connected,0,A000005
2022-03-11 02:43:04.320961,1111111111,xyz,Disconnected,2000,A000001
2022-03-11 02:43:04.320961,2222222222,xyz,Disconnected,2000,A000002
2022-03-11 02:43:04.320961,3333333333,xyz,Disconnected,2000,A000003
2022-03-11 02:43:04.320961,4444444444,xyz,Disconnected,2000,A000004
2022-03-11 02:43:04.320961,5555555555,xyz,Disconnected,2000,A000005
2022-03-11 02:43:04.335905,1111111111,xyz,Connected,0,A000001
2022-03-11 02:43:04.335905,2222222222,xyz,Connected,0,A000002
2022-03-11 02:43:04.335905,3333333333,xyz,Connected,0,A000003
2022-03-11 02:43:04.335905,4444444444,xyz,Connected,0,A000004
2022-03-11 02:43:04.335905,5555555555,xyz,Connected,0,A000005
2022-03-11 02:43:04.366804,1111111111,xyz,Disconnected,2000,A000001
2022-03-11 02:43:04.366885,2222222222,xyz,Disconnected,2000,A000002
2022-03-11 02:43:04.366885,3333333333,xyz,Disconnected,2000,A000003
2022-03-11 02:43:04.366885,4444444444,xyz,Disconnected,2000,A000004
2022-03-11 02:43:04.366885,5555555555,xyz,Disconnected,2000,A000005
2022-03-11 02:43:04.382203,1111111111,xyz,Connected,0,A000001
2022-03-11 02:43:04.382203,2222222222,xyz,Connected,0,A000002
2022-03-11 02:43:04.382203,3333333333,xyz,Connected,0,A000003
2022-03-11 02:43:04.382203,4444444444,xyz,Connected,0,A000004
2022-03-11 02:43:04.382203,5555555555,xyz,Connected,0,A000005
2022-03-11 02:43:04.413015,1111111111,xyz,Disconnected,2000,A000001
2022-03-11 02:43:04.413015,2222222222,xyz,Disconnected,2000,A000002
2022-03-11 02:43:04.413015,3333333333,xyz,Disconnected,2000,A000003
2022-03-11 02:43:04.413015,4444444444,xyz,Disconnected,2000,A000004
2022-03-11 02:43:04.413015,5555555555,xyz,Disconnected,2000,A000005
2022-03-11 02:43:04.428959,1111111111,xyz,Connected,0,A000001
2022-03-11 02:43:04.428959,2222222222,xyz,Connected,0,A000002
2022-03-11 02:43:04.428959,3333333333,xyz,Connected,0,A000003
2022-03-11 02:43:04.428959,4444444444,xyz,Connected,0,A000004
2022-03-11 02:43:04.428959,5555555555,xyz,Connected,0,A000005
2022-03-11 02:43:04.459923,1111111111,xyz,Disconnected,2000,A000001
2022-03-11 02:43:04.459923,2222222222,xyz,Disconnected,2000,A000002
2022-03-11 02:43:04.459923,3333333333,xyz,Disconnected,2000,A000003
2022-03-11 02:43:04.459923,4444444444,xyz,Disconnected,2000,A000004
2022-03-11 02:43:04.459923,5555555555,xyz,Disconnected,2000,A000005
2022-03-11 02:43:04.475868,1111111111,xyz,Connected,0,A000001
2022-03-11 02:43:04.475868,2222222222,xyz,Connected,0,A000002
2022-03-11 02:43:04.475868,3333333333,xyz,Connected,0,A000003
2022-03-11 02:43:04.475868,4444444444,xyz,Connected,0,A000004
2022-03-11 02:43:04.475868,5555555555,xyz,Connected,0,A000005
2022-03-11 02:43:04.533675,1111111111,xyz,Disconnected,2000,A000001
2022-03-11 02:43:04.533675,2222222222,xyz,Disconnected,2000,A000002
2022-03-11 02:43:04.533675,3333333333,xyz,Disconnected,2000,A000003
2022-03-11 02:43:04.533675,4444444444,xyz,Disconnected,2000,A000004
2022-03-11 02:43:04.533675,5555555555,xyz,Disconnected,2000,A000005
2022-03-11 02:43:04.538856,1111111111,xyz,Connected,0,A000001
2022-03-11 02:43:04.538856,2222222222,xyz,Connected,0,A000002
2022-03-11 02:43:04.538856,3333333333,xyz,Connected,0,A000003
2022-03-11 02:43:04.538856,4444444444,xyz,Connected,0,A000004
2022-03-11 02:43:04.538856,5555555555,xyz,Connected,0,A000005
2022-03-11 02:43:04.568770,1111111111,xyz,Disconnected,2000,A000001
2022-03-11 02:43:04.568770,2222222222,xyz,Disconnected,2000,A000002
2022-03-11 02:43:04.568770,3333333333,xyz,Disconnected,2000,A000003
2022-03-11 02:43:04.569057,4444444444,xyz,Disconnected,2000,A000004
2022-03-11 02:43:04.569057,5555555555,xyz,Disconnected,2000,A000005
2022-03-11 02:43:04.584156,1111111111,xyz,Connected,0,A000001
2022-03-11 02:43:04.584156,2222222222,xyz,Connected,0,A000002
2022-03-11 02:43:04.584156,3333333333,xyz,Connected,0,A000003
2022-03-11 02:43:04.584156,4444444444,xyz,Connected,0,A000004
2022-03-11 02:43:04.584156,5555555555,xyz,Connected,0,A000005
2022-03-11 02:43:04.614059,1111111111,xyz,Disconnected,2000,A000001
2022-03-11 02:43:04.614059,2222222222,xyz,Disconnected,2000,A000002
2022-03-11 02:43:04.614059,3333333333,xyz,Disconnected,2000,A000003
2022-03-11 02:43:04.614059,4444444444,xyz,Disconnected,2000,A000004
2022-03-11 02:43:04.614176,5555555555,xyz,Disconnected,2000,A000005
2022-03-11 02:43:04.630251,1111111111,xyz,Connected,0,A000001
2022-03-11 02:43:04.630251,2222222222,xyz,Connected,0,A000002
2022-03-11 02:43:04.630251,3333333333,xyz,Connected,0,A000003
2022-03-11 02:43:04.630251,4444444444,xyz,Connected,0,A000004
2022-03-11 02:43:04.630251,5555555555,xyz,Connected,0,A000005
2022-03-11 02:43:04.660347,1111111111,xyz,Disconnected,2000,A000001
2022-03-11 02:43:04.660347,2222222222,xyz,Disconnected,2000,A000002
2022-03-11 02:43:04.660347,3333333333,xyz,Disconnected,2000,A000003
2022-03-11 02:43:04.660347,4444444444,xyz,Disconnected,2000,A000004
2022-03-11 02:43:04.660347,5555555555,xyz,Disconnected,2000,A000005
2022-03-11 02:43:04.676294,1111111111,xyz,Connected,0,A000001
2022-03-11 02:43:04.676294,2222222222,xyz,Connected,0,A000002
2022-03-11 02:43:04.676294,3333333333,xyz,Connected,0,A000003
2022-03-11 02:43:04.676294,4444444444,xyz,Connected,0,A000004
2022-03-11 02:43:04.676294,5555555555,xyz,Connected,0,A000005
2022-03-11 02:43:04.707234,1111111111,xyz,Disconnected,2000,A000001
2022-03-11 02:43:04.707234,2222222222,xyz,Disconnected,2000,A000002
2022-03-11 02:43:04.707234,3333333333,xyz,Disconnected,2000,A000003
2022-03-11 02:43:04.707234,4444444444,xyz,Disconnected,2000,A000004
2022-03-11 02:43:04.707234,5555555555,xyz,Disconnected,2000,A000005
2022-03-11 02:43:04.723137,1111111111,xyz,Connected,0,A000001
2022-03-11 02:43:04.723137,2222222222,xyz,Connected,0,A000002
2022-03-11 02:43:04.723137,3333333333,xyz,Connected,0,A000003
2022-03-11 02:43:04.723137,4444444444,xyz,Connected,0,A000004
2022-03-11 02:43:04.723137,5555555555,xyz,Connected,0,A000005
2022-03-11 02:43:04.755069,1111111111,xyz,Disconnected,2000,A000001
2022-03-11 02:43:04.755069,2222222222,xyz,Disconnected,2000,A000002
2022-03-11 02:43:04.755069,3333333333,xyz,Disconnected,2000,A000003
2022-03-11 02:43:04.755069,4444444444,xyz,Disconnected,2000,A000004
2022-03-11 02:43:04.755069,5555555555,xyz,Disconnected,2000,A000005
2022-03-11 02:43:04.770660,1111111111,xyz,Connected,0,A000001
2022-03-11 02:43:04.770794,2222222222,xyz,Connected,0,A000002
2022-03-11 02:43:04.770794,3333333333,xyz,Connected,0,A000003
2022-03-11 02:43:04.770794,4444444444,xyz,Connected,0,A000004
2022-03-11 02:43:04.770794,5555555555,xyz,Connected,0,A000005
2022-03-11 02:43:04.802206,1111111111,xyz,Disconnected,2000,A000001
2022-03-11 02:43:04.802280,2222222222,xyz,Disconnected,2000,A000002
2022-03-11 02:43:04.802280,3333333333,xyz,Disconnected,2000,A000003
2022-03-11 02:43:04.802280,4444444444,xyz,Disconnected,2000,A000004
2022-03-11 02:43:04.802280,5555555555,xyz,Disconnected,2000,A000005
2022-03-11 02:43:04.817330,1111111111,xyz,Connected,0,A000001
2022-03-11 02:43:04.817330,2222222222,xyz,Connected,0,A000002
2022-03-11 02:43:04.817330,3333333333,xyz,Connected,0,A000003
2022-03-11 02:43:04.817330,4444444444,xyz,Connected,0,A000004
2022-03-11 02:43:04.817330,5555555555,xyz,Connected,0,A000005
2022-03-11 02:43:04.849064,1111111111,xyz,Disconnected,2000,A000001
2022-03-11 02:43:04.849064,2222222222,xyz,Disconnected,2000,A000002
2022-03-11 02:43:04.849064,3333333333,xyz,Disconnected,2000,A000003
2022-03-11 02:43:04.849064,4444444444,xyz,Disconnected,2000,A000004
2022-03-11 02:43:04.849064,5555555555,xyz,Disconnected,2000,A000005
2022-03-11 02:43:04.864153,1111111111,xyz,Connected,0,A000001
2022-03-11 02:43:04.864153,2222222222,xyz,Connected,0,A000002
2022-03-11 02:43:04.864153,3333333333,xyz,Connected,0,A000003
2022-03-11 02:43:04.864153,4444444444,xyz,Connected,0,A000004
2022-03-11 02:43:04.864153,5555555555,xyz,Connected,0,A000005
2022-03-11 02:43:04.896169,1111111111,xyz,Disconnected,2000,A000001
2022-03-11 02:43:04.896169,2222222222,xyz,Disconnected,2000,A000002
2022-03-11 02:43:04.896169,3333333333,xyz,Disconnected,2000,A000003
2022-03-11 02:43:04.896169,4444444444,xyz,Disconnected,2000,A000004
2022-03-11 02:43:04.896169,5555555555,xyz,Disconnected,2000,A000005
2022-03-11 02:43:04.911278,1111111111,xyz,Connected,0,A000001
2022-03-11 02:43:04.911278,2222222222,xyz,Connected,0,A000002
2022-03-11 02:43:04.911278,3333333333,xyz,Connected,0,A000003
2022-03-11 02:43:04.911278,4444444444,xyz,Connected,0,A000004
2022-03-11 02:43:04.911278,5555555555,xyz,Connected,0,A000005
2022-03-11 02:43:04.942415,1111111111,xyz,Disconnected,2000,A000001
2022-03-11 02:43:04.942415,2222222222,xyz,Disconnected,2000,A000002
2022-03-11 02:43:04.942415,3333333333,xyz,Disconnected,2000,A000003
2022-03-11 02:43:04.942415,4444444444,xyz,Disconnected,2000,A000004
2022-03-11 02:43:04.942415,5555555555,xyz,Disconnected,2000,A000005
2022-03-11 02:43:04.957297,1111111111,xyz,Connected,0,A000001
2022-03-11 02:43:04.957297,2222222222,xyz,Connected,0,A000002
2022-03-11 02:43:04.957297,3333333333,xyz,Connected,0,A000003
2022-03-11 02:43:04.957297,4444444444,xyz,Connected,0,A000004
2022-03-11 02:43:04.957297,5555555555,xyz,Connected,0,A000005
2022-03-11 02:43:04.988196,1111111111,xyz,Disconnected,2000,A000001
2022-03-11 02:43:04.988196,2222222222,xyz,Disconnected,2000,A000002
2022-03-11 02:43:04.988196,3333333333,xyz,Disconnected,2000,A000003
2022-03-11 02:43:04.988196,4444444444,xyz,Disconnected,2000,A000004
2022-03-11 02:43:04.988196,5555555555,xyz,Disconnected,2000,A000005
2022-03-11 02:43:05.004142,1111111111,xyz,Connected,0,A000001
2022-03-11 02:43:05.004142,2222222222,xyz,Connected,0,A000002
2022-03-11 02:43:05.004142,3333333333,xyz,Connected,0,A000003
2022-03-11 02:43:05.004142,4444444444,xyz,Connected,0,A000004
2022-03-11 02:43:05.004142,5555555555,xyz,Connected,0,A000005
2022-03-11 02:43:05.035732,1111111111,xyz,Disconnected,2000,A000001
2022-03-11 02:43:05.035732,2222222222,xyz,Disconnected,2000,A000002
2022-03-11 02:43:05.035732,3333333333,xyz,Disconnected,2000,A000003
2022-03-11 02:43:05.035732,4444444444,xyz,Disconnected,2000,A000004
2022-03-11 02:43:05.035732,5555555555,xyz,Disconnected,2000,A000005
2022-03-11 02:43:05.051772,1111111111,xyz,Connected,0,A000001
2022-03-11 02:43:05.051772,2222222222,xyz,Connected,0,A000002
2022-03-11 02:43:05.051772,3333333333,xyz,Connected,0,A000003
2022-03-11 02:43:05.051772,4444444444,xyz,Connected,0,A000004
2022-03-11 02:43:05.051772,5555555555,xyz,Connected,0,A000005
2022-03-11 02:43:05.083573,1111111111,xyz,Disconnected,2000,A000001
2022-03-11 02:43:05.083573,2222222222,xyz,Disconnected,2000,A000002
2022-03-11 02:43:05.083573,3333333333,xyz,Disconnected,2000,A000003
2022-03-11 02:43:05.083573,4444444444,xyz,Disconnected,2000,A000004
2022-03-11 02:43:05.083573,5555555555,xyz,Disconnected,2000,A000005
2022-03-11 02:43:05.098524,1111111111,xyz,Connected,0,A000001
2022-03-11 02:43:05.098524,2222222222,xyz,Connected,0,A000002
2022-03-11 02:43:05.098524,3333333333,xyz,Connected,0,A000003
2022-03-11 02:43:05.098524,4444444444,xyz,Connected,0,A000004
2022-03-11 02:43:05.098524,5555555555,xyz,Connected,0,A000005
2022-03-11 02:43:05.130610,1111111111,xyz,Disconnected,2000,A000001
2022-03-11 02:43:05.130610,2222222222,xyz,Disconnected,2000,A000002
2022-03-11 02:43:05.130610,3333333333,xyz,Disconnected,2000,A000003
2022-03-11 02:43:05.130610,4444444444,xyz,Disconnected,2000,A000004
2022-03-11 02:43:05.130610,5555555555,xyz,Disconnected,2000,A000005
2022-03-11 02:43:05.146553,1111111111,xyz,Connected,0,A000001
2022-03-11 02:43:05.146553,2222222222,xyz,Connected,0,A000002
2022-03-11 02:43:05.146553,3333333333,xyz,Connected,0,A000003
2022-03-11 02:43:05.146553,4444444444,xyz,Connected,0,A000004
2022-03-11 02:43:05.146553,5555555555,xyz,Connected,0,A000005
2022-03-11 02:43:05.177448,1111111111,xyz,Disconnected,2000,A000001
2022-03-11 02:43:05.177448,2222222222,xyz,Disconnected,2000,A000002
2022-03-11 02:43:05.177448,3333333333,xyz,Disconnected,2000,A000003
2022-03-11 02:43:05.177448,4444444444,xyz,Disconnected,2000,A000004
2022-03-11 02:43:05.177448,5555555555,xyz,Disconnected,2000,A000005
2022-03-11 02:43:05.192398,1111111111,xyz,Connected,0,A000001
2022-03-11 02:43:05.192398,2222222222,xyz,Connected,0,A000002
2022-03-11 02:43:05.192398,3333333333,xyz,Connected,0,A000003
2022-03-11 02:43:05.192398,4444444444,xyz,Connected,0,A000004
2022-03-11 02:43:05.192398,5555555555,xyz,Connected,0,A000005
2022-03-11 02:43:05.222299,1111111111,xyz,Disconnected,2000,A000001
2022-03-11 02:43:05.222299,2222222222,xyz,Disconnected,2000,A000002
2022-03-11 02:43:05.222299,3333333333,xyz,Disconnected,2000,A000003
2022-03-11 02:43:05.222299,4444444444,xyz,Disconnected,2000,A000004
2022-03-11 02:43:05.222299,5555555555,xyz,Disconnected,2000,A000005
2022-03-11 02:43:05.237249,1111111111,xyz,Connected,0,A000001
2022-03-11 02:43:05.237249,2222222222,xyz,Connected,0,A000002
2022-03-11 02:43:05.237249,3333333333,xyz,Connected,0,A000003
2022-03-11 02:43:05.237249,4444444444,xyz,Connected,0,A000004
2022-03-11 02:43:05.237249,5555555555,xyz,Connected,0,A000005
2022-03-11 02:43:05.269142,1111111111,xyz,Disconnected,2000,A000001
2022-03-11 02:43:05.269142,2222222222,xyz,Disconnected,2000,A000002
2022-03-11 02:43:05.269142,3333333333,xyz,Disconnected,2000,A000003
2022-03-11 02:43:05.269142,4444444444,xyz,Disconnected,2000,A000004
2022-03-11 02:43:05.269142,5555555555,xyz,Disconnected,2000,A000005
2022-03-11 02:43:05.285233,1111111111,xyz,Connected,0,A000001
2022-03-11 02:43:05.285233,2222222222,xyz,Connected,0,A000002
2022-03-11 02:43:05.285233,3333333333,xyz,Connected,0,A000003
2022-03-11 02:43:05.285233,4444444444,xyz,Connected,0,A000004
2022-03-11 02:43:05.285233,5555555555,xyz,Connected,0,A000005
2022-03-11 02:43:05.316771,1111111111,xyz,Disconnected,2000,A000001
2022-03-11 02:43:05.316771,2222222222,xyz,Disconnected,2000,A000002
2022-03-11 02:43:05.316771,3333333333,xyz,Disconnected,2000,A000003
2022-03-11 02:43:05.316771,4444444444,xyz,Disconnected,2000,A000004
2022-03-11 02:43:05.316771,5555555555,xyz,Disconnected,2000,A000005
2022-03-11 02:43:05.332770,1111111111,xyz,Connected,0,A000001
2022-03-11 02:43:05.332770,2222222222,xyz,Connected,0,A000002
2022-03-11 02:43:05.332770,3333333333,xyz,Connected,0,A000003
2022-03-11 02:43:05.332770,4444444444,xyz,Connected,0,A000004
2022-03-11 02:43:05.332770,5555555555,xyz,Connected,0,A000005
2022-03-11 02:43:05.364675,1111111111,xyz,Disconnected,2000,A000001
2022-03-11 02:43:05.364675,2222222222,xyz,Disconnected,2000,A000002
2022-03-11 02:43:05.364675,3333333333,xyz,Disconnected,2000,A000003
2022-03-11 02:43:05.364675,4444444444,xyz,Disconnected,2000,A000004
2022-03-11 02:43:05.364675,5555555555,xyz,Disconnected,2000,A000005
2022-03-11 02:43:05.380612,1111111111,xyz,Connected,0,A000001
2022-03-11 02:43:05.380612,2222222222,xyz,Connected,0,A000002
2022-03-11 02:43:05.380612,3333333333,xyz,Connected,0,A000003
2022-03-11 02:43:05.380781,4444444444,xyz,Connected,0,A000004
2022-03-11 02:43:05.380781,5555555555,xyz,Connected,0,A000005
2022-03-11 02:43:05.411488,1111111111,xyz,Disconnected,2000,A000001
2022-03-11 02:43:05.411488,2222222222,xyz,Disconnected,2000,A000002
2022-03-11 02:43:05.411488,3333333333,xyz,Disconnected,2000,A000003
2022-03-11 02:43:05.411488,4444444444,xyz,Disconnected,2000,A000004
2022-03-11 02:43:05.411488,5555555555,xyz,Disconnected,2000,A000005
2022-03-11 02:43:05.427433,1111111111,xyz,Connected,0,A000001
2022-03-11 02:43:05.427433,2222222222,xyz,Connected,0,A000002
2022-03-11 02:43:05.427433,3333333333,xyz,Connected,0,A000003
2022-03-11 02:43:05.427433,4444444444,xyz,Connected,0,A000004
2022-03-11 02:43:05.427433,5555555555,xyz,Connected,0,A000005
2022-03-11 02:43:05.458336,1111111111,xyz,Disconnected,2000,A000001
2022-03-11 02:43:05.458336,2222222222,xyz,Disconnected,2000,A000002
2022-03-11 02:43:05.458336,3333333333,xyz,Disconnected,2000,A000003
2022-03-11 02:43:05.458336,4444444444,xyz,Disconnected,2000,A000004
2022-03-11 02:43:05.458336,5555555555,xyz,Disconnected,2000,A000005
2022-03-11 02:43:05.473280,1111111111,xyz,Connected,0,A000001
2022-03-11 02:43:05.473280,2222222222,xyz,Connected,0,A000002
2022-03-11 02:43:05.473280,3333333333,xyz,Connected,0,A000003
2022-03-11 02:43:05.473280,4444444444,xyz,Connected,0,A000004
2022-03-11 02:43:05.473280,5555555555,xyz,Connected,0,A000005
2022-03-11 02:43:05.503180,1111111111,xyz,Disconnected,2000,A000001
2022-03-11 02:43:05.503180,2222222222,xyz,Disconnected,2000,A000002
2022-03-11 02:43:05.503180,3333333333,xyz,Disconnected,2000,A000003
2022-03-11 02:43:05.503180,4444444444,xyz,Disconnected,2000,A000004
2022-03-11 02:43:05.503180,5555555555,xyz,Disconnected,2000,A000005
2022-03-11 02:43:05.519126,1111111111,xyz,Connected,0,A000001
2022-03-11 02:43:05.519126,2222222222,xyz,Connected,0,A000002
2022-03-11 02:43:05.519126,3333333333,xyz,Connected,0,A000003
2022-03-11 02:43:05.519126,4444444444,xyz,Connected,0,A000004
2022-03-11 02:43:05.519126,5555555555,xyz,Connected,0,A000005
2022-03-11 02:43:05.550024,1111111111,xyz,Disconnected,2000,A000001
2022-03-11 02:43:05.550024,2222222222,xyz,Disconnected,2000,A000002
2022-03-11 02:43:05.550024,3333333333,xyz,Disconnected,2000,A000003
2022-03-11 02:43:05.550024,4444444444,xyz,Disconnected,2000,A000004
2022-03-11 02:43:05.550024,5555555555,xyz,Disconnected,2000,A000005
2022-03-11 02:43:05.564973,1111111111,xyz,Connected,0,A000001
2022-03-11 02:43:05.564973,2222222222,xyz,Connected,0,A000002
2022-03-11 02:43:05.564973,3333333333,xyz,Connected,0,A000003
2022-03-11 02:43:05.564973,4444444444,xyz,Connected,0,A000004
2022-03-11 02:43:05.564973,5555555555,xyz,Connected,0,A000005
2022-03-11 02:43:05.594874,1111111111,xyz,Disconnected,2000,A000001
2022-03-11 02:43:05.594874,2222222222,xyz,Disconnected,2000,A000002
2022-03-11 02:43:05.594874,3333333333,xyz,Disconnected,2000,A000003
2022-03-11 02:43:05.594874,4444444444,xyz,Disconnected,2000,A000004
2022-03-11 02:43:05.594874,5555555555,xyz,Disconnected,2000,A000005
2022-03-11 02:43:05.610820,1111111111,xyz,Connected,0,A000001
2022-03-11 02:43:05.610820,2222222222,xyz,Connected,0,A000002
2022-03-11 02:43:05.610820,3333333333,xyz,Connected,0,A000003
2022-03-11 02:43:05.610820,4444444444,xyz,Connected,0,A000004
2022-03-11 02:43:05.610820,5555555555,xyz,Connected,0,A000005
2022-03-11 02:43:05.641886,1111111111,xyz,Disconnected,2000,A000001
2022-03-11 02:43:05.641886,2222222222,xyz,Disconnected,2000,A000002
2022-03-11 02:43:05.641886,3333333333,xyz,Disconnected,2000,A000003
2022-03-11 02:43:05.641886,4444444444,xyz,Disconnected,2000,A000004
2022-03-11 02:43:05.641886,5555555555,xyz,Disconnected,2000,A000005
2022-03-11 02:43:05.656836,1111111111,xyz,Connected,0,A000001
2022-03-11 02:43:05.656836,2222222222,xyz,Connected,0,A000002
2022-03-11 02:43:05.656836,3333333333,xyz,Connected,0,A000003
2022-03-11 02:43:05.656836,4444444444,xyz,Connected,0,A000004
2022-03-11 02:43:05.656836,5555555555,xyz,Connected,0,A000005
2022-03-11 02:43:05.687732,1111111111,xyz,Disconnected,2000,A000001
2022-03-11 02:43:05.687732,2222222222,xyz,Disconnected,2000,A000002
2022-03-11 02:43:05.687732,3333333333,xyz,Disconnected,2000,A000003
2022-03-11 02:43:05.687732,4444444444,xyz,Disconnected,2000,A000004
2022-03-11 02:43:05.687732,5555555555,xyz,Disconnected,2000,A000005
2022-03-11 02:43:05.702682,1111111111,xyz,Connected,0,A000001
2022-03-11 02:43:05.702682,2222222222,xyz,Connected,0,A000002
2022-03-11 02:43:05.702682,3333333333,xyz,Connected,0,A000003
2022-03-11 02:43:05.702682,4444444444,xyz,Connected,0,A000004
2022-03-11 02:43:05.702682,5555555555,xyz,Connected,0,A000005
2022-03-11 02:43:05.732793,1111111111,xyz,Disconnected,2000,A000001
2022-03-11 02:43:05.732793,2222222222,xyz,Disconnected,2000,A000002
2022-03-11 02:43:05.732793,3333333333,xyz,Disconnected,2000,A000003
2022-03-11 02:43:05.732793,4444444444,xyz,Disconnected,2000,A000004
2022-03-11 02:43:05.732793,5555555555,xyz,Disconnected,2000,A000005
2022-03-11 02:43:05.747744,1111111111,xyz,Connected,0,A000001
2022-03-11 02:43:05.747744,2222222222,xyz,Connected,0,A000002
2022-03-11 02:43:05.747744,3333333333,xyz,Connected,0,A000003
2022-03-11 02:43:05.747744,4444444444,xyz,Connected,0,A000004
2022-03-11 02:43:05.747744,5555555555,xyz,Connected,0,A000005
2022-03-11 02:43:05.777841,1111111111,xyz,Disconnected,2000,A000001
2022-03-11 02:43:05.777841,2222222222,xyz,Disconnected,2000,A000002
2022-03-11 02:43:05.777841,3333333333,xyz,Disconnected,2000,A000003
2022-03-11 02:43:05.777841,4444444444,xyz,Disconnected,2000,A000004
2022-03-11 02:43:05.777841,5555555555,xyz,Disconnected,2000,A000005
2022-03-11 02:43:05.793198,1111111111,xyz,Connected,0,A000001
2022-03-11 02:43:05.793198,2222222222,xyz,Connected,0,A000002
2022-03-11 02:43:05.793198,3333333333,xyz,Connected,0,A000003
2022-03-11 02:43:05.793198,4444444444,xyz,Connected,0,A000004
2022-03-11 02:43:05.793198,5555555555,xyz,Connected,0,A000005
2022-03-11 02:43:05.824094,1111111111,xyz,Disconnected,2000,A000001
2022-03-11 02:43:05.824094,2222222222,xyz,Disconnected,2000,A000002
2022-03-11 02:43:05.824094,3333333333,xyz,Disconnected,2000,A000003
2022-03-11 02:43:05.824094,4444444444,xyz,Disconnected,2000,A000004
2022-03-11 02:43:05.824094,5555555555,xyz,Disconnected,2000,A000005
2022-03-11 02:43:05.839045,1111111111,xyz,Connected,0,A000001
2022-03-11 02:43:05.839045,2222222222,xyz,Connected,0,A000002
2022-03-11 02:43:05.839045,3333333333,xyz,Connected,0,A000003
2022-03-11 02:43:05.839045,4444444444,xyz,Connected,0,A000004
2022-03-11 02:43:05.839193,5555555555,xyz,Connected,0,A000005
2022-03-11 02:43:05.870455,1111111111,xyz,Disconnected,2000,A000001
2022-03-11 02:43:05.870455,2222222222,xyz,Disconnected,2000,A000002
2022-03-11 02:43:05.870455,3333333333,xyz,Disconnected,2000,A000003
2022-03-11 02:43:05.870455,4444444444,xyz,Disconnected,2000,A000004
2022-03-11 02:43:05.870455,5555555555,xyz,Disconnected,2000,A000005
2022-03-11 02:43:05.886337,1111111111,xyz,Connected,0,A000001
2022-03-11 02:43:05.886337,2222222222,xyz,Connected,0,A000002
2022-03-11 02:43:05.886337,3333333333,xyz,Connected,0,A000003
2022-03-11 02:43:05.886337,4444444444,xyz,Connected,0,A000004
2022-03-11 02:43:05.886337,5555555555,xyz,Connected,0,A000005
2022-03-11 02:43:05.918372,1111111111,xyz,Disconnected,2000,A000001
2022-03-11 02:43:05.918372,2222222222,xyz,Disconnected,2000,A000002
2022-03-11 02:43:05.918372,3333333333,xyz,Disconnected,2000,A000003
2022-03-11 02:43:05.918372,4444444444,xyz,Disconnected,2000,A000004
2022-03-11 02:43:05.918372,5555555555,xyz,Disconnected,2000,A000005
2022-03-11 02:43:05.933826,1111111111,xyz,Connected,0,A000001
2022-03-11 02:43:05.933826,2222222222,xyz,Connected,0,A000002
2022-03-11 02:43:05.933826,3333333333,xyz,Connected,0,A000003
2022-03-11 02:43:05.933826,4444444444,xyz,Connected,0,A000004
2022-03-11 02:43:05.933826,5555555555,xyz,Connected,0,A000005
2022-03-11 02:43:05.965875,1111111111,xyz,Disconnected,2000,A000001
2022-03-11 02:43:05.965875,2222222222,xyz,Disconnected,2000,A000002
2022-03-11 02:43:05.965875,3333333333,xyz,Disconnected,2000,A000003
2022-03-11 02:43:05.965875,4444444444,xyz,Disconnected,2000,A000004
2022-03-11 02:43:05.965875,5555555555,xyz,Disconnected,2000,A000005
2022-03-11 02:43:05.980825,1111111111,xyz,Connected,0,A000001
2022-03-11 02:43:05.980825,2222222222,xyz,Connected,0,A000002
2022-03-11 02:43:05.980825,3333333333,xyz,Connected,0,A000003
2022-03-11 02:43:05.980825,4444444444,xyz,Connected,0,A000004
2022-03-11 02:43:05.980825,5555555555,xyz,Connected,0,A000005
2022-03-11 02:43:06.010725,1111111111,xyz,Disconnected,2000,A000001
2022-03-11 02:43:06.010725,2222222222,xyz,Disconnected,2000,A000002
2022-03-11 02:43:06.010725,3333333333,xyz,Disconnected,2000,A000003
2022-03-11 02:43:06.010725,4444444444,xyz,Disconnected,2000,A000004
2022-03-11 02:43:06.010725,5555555555,xyz,Disconnected,2000,A000005
2022-03-11 02:43:06.026061,1111111111,xyz,Connected,0,A000001
2022-03-11 02:43:06.026061,2222222222,xyz,Connected,0,A000002
2022-03-11 02:43:06.026061,3333333333,xyz,Connected,0,A000003
2022-03-11 02:43:06.026061,4444444444,xyz,Connected,0,A000004
2022-03-11 02:43:06.026061,5555555555,xyz,Connected,0,A000005
2022-03-11 02:43:06.057043,1111111111,xyz,Disconnected,2000,A000001
2022-03-11 02:43:06.057114,2222222222,xyz,Disconnected,2000,A000002
2022-03-11 02:43:06.057114,3333333333,xyz,Disconnected,2000,A000003
2022-03-11 02:43:06.057114,4444444444,xyz,Disconnected,2000,A000004
2022-03-11 02:43:06.057114,5555555555,xyz,Disconnected,2000,A000005
2022-03-11 02:43:06.072595,1111111111,xyz,Connected,0,A000001
2022-03-11 02:43:06.072595,2222222222,xyz,Connected,0,A000002
2022-03-11 02:43:06.072595,3333333333,xyz,Connected,0,A000003
2022-03-11 02:43:06.072595,4444444444,xyz,Connected,0,A000004
2022-03-11 02:43:06.072595,5555555555,xyz,Connected,0,A000005
2022-03-11 02:43:06.102496,1111111111,xyz,Disconnected,2000,A000001
2022-03-11 02:43:06.102496,2222222222,xyz,Disconnected,2000,A000002
2022-03-11 02:43:06.102496,3333333333,xyz,Disconnected,2000,A000003
2022-03-11 02:43:06.102496,4444444444,xyz,Disconnected,2000,A000004
2022-03-11 02:43:06.102496,5555555555,xyz,Disconnected,2000,A000005
2022-03-11 02:43:06.118442,1111111111,xyz,Connected,0,A000001
2022-03-11 02:43:06.118442,2222222222,xyz,Connected,0,A000002
2022-03-11 02:43:06.118442,3333333333,xyz,Connected,0,A000003
2022-03-11 02:43:06.118442,4444444444,xyz,Connected,0,A000004
2022-03-11 02:43:06.118442,5555555555,xyz,Connected,0,A000005
2022-03-11 02:43:06.150916,1111111111,xyz,Disconnected,2000,A000001
2022-03-11 02:43:06.150916,2222222222,xyz,Disconnected,2000,A000002
2022-03-11 02:43:06.150916,3333333333,xyz,Disconnected,2000,A000003
2022-03-11 02:43:06.150916,4444444444,xyz,Disconnected,2000,A000004
2022-03-11 02:43:06.150916,5555555555,xyz,Disconnected,2000,A000005
2022-03-11 02:43:06.165853,1111111111,xyz,Connected,0,A000001
2022-03-11 02:43:06.165853,2222222222,xyz,Connected,0,A000002
2022-03-11 02:43:06.165853,3333333333,xyz,Connected,0,A000003
2022-03-11 02:43:06.165853,4444444444,xyz,Connected,0,A000004
2022-03-11 02:43:06.165853,5555555555,xyz,Connected,0,A000005
2022-03-11 02:43:06.197744,1111111111,xyz,Disconnected,2000,A000001
2022-03-11 02:43:06.197744,2222222222,xyz,Disconnected,2000,A000002
2022-03-11 02:43:06.197744,3333333333,xyz,Disconnected,2000,A000003
2022-03-11 02:43:06.197744,4444444444,xyz,Disconnected,2000,A000004
2022-03-11 02:43:06.197744,5555555555,xyz,Disconnected,2000,A000005
2022-03-11 02:43:06.212699,1111111111,xyz,Connected,0,A000001
2022-03-11 02:43:06.212699,2222222222,xyz,Connected,0,A000002
2022-03-11 02:43:06.212699,3333333333,xyz,Connected,0,A000003
2022-03-11 02:43:06.212699,4444444444,xyz,Connected,0,A000004
2022-03-11 02:43:06.212699,5555555555,xyz,Connected,0,A000005
2022-03-11 02:43:06.243704,1111111111,xyz,Disconnected,2000,A000001
2022-03-11 02:43:06.243704,2222222222,xyz,Disconnected,2000,A000002
2022-03-11 02:43:06.243704,3333333333,xyz,Disconnected,2000,A000003
2022-03-11 02:43:06.243704,4444444444,xyz,Disconnected,2000,A000004
2022-03-11 02:43:06.243704,5555555555,xyz,Disconnected,2000,A000005
2022-03-11 02:43:06.259278,1111111111,xyz,Connected,0,A000001
2022-03-11 02:43:06.259278,2222222222,xyz,Connected,0,A000002
2022-03-11 02:43:06.259278,3333333333,xyz,Connected,0,A000003
2022-03-11 02:43:06.259278,4444444444,xyz,Connected,0,A000004
2022-03-11 02:43:06.259278,5555555555,xyz,Connected,0,A000005
2022-03-11 02:43:06.291171,1111111111,xyz,Disconnected,2000,A000001
2022-03-11 02:43:06.291171,2222222222,xyz,Disconnected,2000,A000002
2022-03-11 02:43:06.291171,3333333333,xyz,Disconnected,2000,A000003
2022-03-11 02:43:06.291171,4444444444,xyz,Disconnected,2000,A000004
2022-03-11 02:43:06.291171,5555555555,xyz,Disconnected,2000,A000005
2022-03-11 02:43:06.306123,1111111111,xyz,Connected,0,A000001
2022-03-11 02:43:06.306123,2222222222,xyz,Connected,0,A000002
2022-03-11 02:43:06.306123,3333333333,xyz,Connected,0,A000003
2022-03-11 02:43:06.306123,4444444444,xyz,Connected,0,A000004
2022-03-11 02:43:06.306123,5555555555,xyz,Connected,0,A000005
2022-03-11 02:43:06.336663,1111111111,xyz,Disconnected,2000,A000001
2022-03-11 02:43:06.336663,2222222222,xyz,Disconnected,2000,A000002
2022-03-11 02:43:06.336663,3333333333,xyz,Disconnected,2000,A000003
2022-03-11 02:43:06.336663,4444444444,xyz,Disconnected,2000,A000004
2022-03-11 02:43:06.336663,5555555555,xyz,Disconnected,2000,A000005
2022-03-11 02:43:06.352729,1111111111,xyz,Connected,0,A000001
2022-03-11 02:43:06.352729,2222222222,xyz,Connected,0,A000002
2022-03-11 02:43:06.352729,3333333333,xyz,Connected,0,A000003
2022-03-11 02:43:06.352729,4444444444,xyz,Connected,0,A000004
2022-03-11 02:43:06.352729,5555555555,xyz,Connected,0,A000005
2022-03-11 02:43:06.384030,1111111111,xyz,Disconnected,2000,A000001
2022-03-11 02:43:06.384030,2222222222,xyz,Disconnected,2000,A000002
2022-03-11 02:43:06.384030,3333333333,xyz,Disconnected,2000,A000003
2022-03-11 02:43:06.384030,4444444444,xyz,Disconnected,2000,A000004
2022-03-11 02:43:06.384030,5555555555,xyz,Disconnected,2000,A000005
2022-03-11 02:43:06.399862,1111111111,xyz,Connected,0,A000001
2022-03-11 02:43:06.399862,2222222222,xyz,Connected,0,A000002
2022-03-11 02:43:06.399862,3333333333,xyz,Connected,0,A000003
2022-03-11 02:43:06.399862,4444444444,xyz,Connected,0,A000004
2022-03-11 02:43:06.399862,5555555555,xyz,Connected,0,A000005
2022-03-11 02:43:06.430771,1111111111,xyz,Disconnected,2000,A000001
2022-03-11 02:43:06.430771,2222222222,xyz,Disconnected,2000,A000002
2022-03-11 02:43:06.430771,3333333333,xyz,Disconnected,2000,A000003
2022-03-11 02:43:06.430771,4444444444,xyz,Disconnected,2000,A000004
2022-03-11 02:43:06.430771,5555555555,xyz,Disconnected,2000,A000005
2022-03-11 02:43:06.445711,1111111111,xyz,Connected,0,A000001
2022-03-11 02:43:06.445711,2222222222,xyz,Connected,0,A000002
2022-03-11 02:43:06.445711,3333333333,xyz,Connected,0,A000003
2022-03-11 02:43:06.445711,4444444444,xyz,Connected,0,A000004
2022-03-11 02:43:06.445711,5555555555,xyz,Connected,0,A000005
2022-03-11 02:43:06.477613,1111111111,xyz,Disconnected,2000,A000001
2022-03-11 02:43:06.477745,2222222222,xyz,Disconnected,2000,A000002
2022-03-11 02:43:06.477745,3333333333,xyz,Disconnected,2000,A000003
2022-03-11 02:43:06.477745,4444444444,xyz,Disconnected,2000,A000004
2022-03-11 02:43:06.477745,5555555555,xyz,Disconnected,2000,A000005
2022-03-11 02:43:06.493664,1111111111,xyz,Connected,0,A000001
2022-03-11 02:43:06.493664,2222222222,xyz,Connected,0,A000002
2022-03-11 02:43:06.493664,3333333333,xyz,Connected,0,A000003
2022-03-11 02:43:06.493664,4444444444,xyz,Connected,0,A000004
2022-03-11 02:43:06.493664,5555555555,xyz,Connected,0,A000005
2022-03-11 02:43:06.525608,1111111111,xyz,Disconnected,2000,A000001
2022-03-11 02:43:06.525608,2222222222,xyz,Disconnected,2000,A000002
2022-03-11 02:43:06.525608,3333333333,xyz,Disconnected,2000,A000003
2022-03-11 02:43:06.525608,4444444444,xyz,Disconnected,2000,A000004
2022-03-11 02:43:06.525608,5555555555,xyz,Disconnected,2000,A000005
2022-03-11 02:43:06.540559,1111111111,xyz,Connected,0,A000001
2022-03-11 02:43:06.540559,2222222222,xyz,Connected,0,A000002
2022-03-11 02:43:06.540559,3333333333,xyz,Connected,0,A000003
2022-03-11 02:43:06.540559,4444444444,xyz,Connected,0,A000004
2022-03-11 02:43:06.540559,5555555555,xyz,Connected,0,A000005
2022-03-11 02:43:06.570456,1111111111,xyz,Disconnected,2000,A000001
2022-03-11 02:43:06.570456,2222222222,xyz,Disconnected,2000,A000002
2022-03-11 02:43:06.570456,3333333333,xyz,Disconnected,2000,A000003
2022-03-11 02:43:06.570456,4444444444,xyz,Disconnected,2000,A000004
2022-03-11 02:43:06.570456,5555555555,xyz,Disconnected,2000,A000005
2022-03-11 02:43:06.585409,1111111111,xyz,Connected,0,A000001
2022-03-11 02:43:06.585558,2222222222,xyz,Connected,0,A000002
2022-03-11 02:43:06.585558,3333333333,xyz,Connected,0,A000003
2022-03-11 02:43:06.585558,4444444444,xyz,Connected,0,A000004
2022-03-11 02:43:06.585558,5555555555,xyz,Connected,0,A000005
2022-03-11 02:43:06.616863,1111111111,xyz,Disconnected,2000,A000001
2022-03-11 02:43:06.616863,2222222222,xyz,Disconnected,2000,A000002
2022-03-11 02:43:06.616863,3333333333,xyz,Disconnected,2000,A000003
2022-03-11 02:43:06.616863,4444444444,xyz,Disconnected,2000,A000004
2022-03-11 02:43:06.616863,5555555555,xyz,Disconnected,2000,A000005
2022-03-11 02:43:06.632809,1111111111,xyz,Connected,0,A000001
2022-03-11 02:43:06.632809,2222222222,xyz,Connected,0,A000002
2022-03-11 02:43:06.632809,3333333333,xyz,Connected,0,A000003
2022-03-11 02:43:06.632809,4444444444,xyz,Connected,0,A000004
2022-03-11 02:43:06.632809,5555555555,xyz,Connected,0,A000005
2022-03-11 02:43:06.664705,1111111111,xyz,Disconnected,2000,A000001
2022-03-11 02:43:06.664705,2222222222,xyz,Disconnected,2000,A000002
2022-03-11 02:43:06.664705,3333333333,xyz,Disconnected,2000,A000003
2022-03-11 02:43:06.664705,4444444444,xyz,Disconnected,2000,A000004
2022-03-11 02:43:06.664705,5555555555,xyz,Disconnected,2000,A000005
2022-03-11 02:43:06.680650,1111111111,xyz,Connected,0,A000001
2022-03-11 02:43:06.680650,2222222222,xyz,Connected,0,A000002
2022-03-11 02:43:06.680650,3333333333,xyz,Connected,0,A000003
2022-03-11 02:43:06.680650,4444444444,xyz,Connected,0,A000004
2022-03-11 02:43:06.680650,5555555555,xyz,Connected,0,A000005
2022-03-11 02:43:06.712544,1111111111,xyz,Disconnected,2000,A000001
2022-03-11 02:43:06.712544,2222222222,xyz,Disconnected,2000,A000002
2022-03-11 02:43:06.712544,3333333333,xyz,Disconnected,2000,A000003
2022-03-11 02:43:06.712544,4444444444,xyz,Disconnected,2000,A000004
2022-03-11 02:43:06.712544,5555555555,xyz,Disconnected,2000,A000005
2022-03-11 02:43:06.728491,1111111111,xyz,Connected,0,A000001
2022-03-11 02:43:06.728491,2222222222,xyz,Connected,0,A000002
2022-03-11 02:43:06.728491,3333333333,xyz,Connected,0,A000003
2022-03-11 02:43:06.728491,4444444444,xyz,Connected,0,A000004
2022-03-11 02:43:06.728491,5555555555,xyz,Connected,0,A000005
2022-03-11 02:43:06.758605,1111111111,xyz,Disconnected,2000,A000001
2022-03-11 02:43:06.758605,2222222222,xyz,Disconnected,2000,A000002
2022-03-11 02:43:06.758605,3333333333,xyz,Disconnected,2000,A000003
2022-03-11 02:43:06.758605,4444444444,xyz,Disconnected,2000,A000004
2022-03-11 02:43:06.758605,5555555555,xyz,Disconnected,2000,A000005
2022-03-11 02:43:06.773551,1111111111,xyz,Connected,0,A000001
2022-03-11 02:43:06.773551,2222222222,xyz,Connected,0,A000002
2022-03-11 02:43:06.773551,3333333333,xyz,Connected,0,A000003
2022-03-11 02:43:06.773551,4444444444,xyz,Connected,0,A000004
2022-03-11 02:43:06.773551,5555555555,xyz,Connected,0,A000005
2022-03-11 02:43:06.804905,1111111111,xyz,Disconnected,2000,A000001
2022-03-11 02:43:06.804905,2222222222,xyz,Disconnected,2000,A000002
2022-03-11 02:43:06.804905,3333333333,xyz,Disconnected,2000,A000003
2022-03-11 02:43:06.804905,4444444444,xyz,Disconnected,2000,A000004
2022-03-11 02:43:06.804905,5555555555,xyz,Disconnected,2000,A000005
2022-03-11 02:43:06.820912,1111111111,xyz,Connected,0,A000001
2022-03-11 02:43:06.820975,2222222222,xyz,Connected,0,A000002
2022-03-11 02:43:06.820975,3333333333,xyz,Connected,0,A000003
2022-03-11 02:43:06.820975,4444444444,xyz,Connected,0,A000004
2022-03-11 02:43:06.820975,5555555555,xyz,Connected,0,A000005
2022-03-11 02:43:06.851615,1111111111,xyz,Disconnected,2000,A000001
2022-03-11 02:43:06.851615,2222222222,xyz,Disconnected,2000,A000002
2022-03-11 02:43:06.851615,3333333333,xyz,Disconnected,2000,A000003
2022-03-11 02:43:06.851615,4444444444,xyz,Disconnected,2000,A000004
2022-03-11 02:43:06.851756,5555555555,xyz,Disconnected,2000,A000005
2022-03-11 02:43:06.866814,1111111111,xyz,Connected,0,A000001
2022-03-11 02:43:06.866814,2222222222,xyz,Connected,0,A000002
2022-03-11 02:43:06.866814,3333333333,xyz,Connected,0,A000003
2022-03-11 02:43:06.866814,4444444444,xyz,Connected,0,A000004
2022-03-11 02:43:06.866814,5555555555,xyz,Connected,0,A000005
2022-03-11 02:43:06.898401,1111111111,xyz,Disconnected,2000,A000001
2022-03-11 02:43:06.898401,2222222222,xyz,Disconnected,2000,A000002
2022-03-11 02:43:06.898401,3333333333,xyz,Disconnected,2000,A000003
2022-03-11 02:43:06.898401,4444444444,xyz,Disconnected,2000,A000004
2022-03-11 02:43:06.898401,5555555555,xyz,Disconnected,2000,A000005
2022-03-11 02:43:06.914345,1111111111,xyz,Connected,0,A000001
2022-03-11 02:43:06.914345,2222222222,xyz,Connected,0,A000002
2022-03-11 02:43:06.914345,3333333333,xyz,Connected,0,A000003
2022-03-11 02:43:06.914345,4444444444,xyz,Connected,0,A000004
2022-03-11 02:43:06.914345,5555555555,xyz,Connected,0,A000005
2022-03-11 02:43:06.956205,1111111111,xyz,Disconnected,2000,A000001
2022-03-11 02:43:06.956205,2222222222,xyz,Disconnected,2000,A000002
2022-03-11 02:43:06.956205,3333333333,xyz,Disconnected,2000,A000003
2022-03-11 02:43:06.956205,4444444444,xyz,Disconnected,2000,A000004
2022-03-11 02:43:06.956205,5555555555,xyz,Disconnected,2000,A000005
2022-03-11 02:43:06.970667,1111111111,xyz,Connected,0,A000001
2022-03-11 02:43:06.970667,2222222222,xyz,Connected,0,A000002
2022-03-11 02:43:06.970667,3333333333,xyz,Connected,0,A000003
2022-03-11 02:43:06.970667,4444444444,xyz,Connected,0,A000004
2022-03-11 02:43:06.970667,5555555555,xyz,Connected,0,A000005
2022-03-11 02:43:07.020656,1111111111,xyz,Disconnected,2000,A000001
2022-03-11 02:43:07.020656,2222222222,xyz,Disconnected,2000,A000002
2022-03-11 02:43:07.020656,3333333333,xyz,Disconnected,2000,A000003
2022-03-11 02:43:07.020656,4444444444,xyz,Disconnected,2000,A000004
2022-03-11 02:43:07.020656,5555555555,xyz,Disconnected,2000,A000005
2022-03-11 02:43:07.063126,1111111111,xyz,Connected,0,A000001
2022-03-11 02:43:07.063126,2222222222,xyz,Connected,0,A000002
2022-03-11 02:43:07.063126,3333333333,xyz,Connected,0,A000003
2022-03-11 02:43:07.063126,4444444444,xyz,Connected,0,A000004
2022-03-11 02:43:07.063126,5555555555,xyz,Connected,0,A000005
2022-03-11 02:43:07.153476,1111111111,xyz,Disconnected,2000,A000001
2022-03-11 02:43:07.153476,2222222222,xyz,Disconnected,2000,A000002
2022-03-11 02:43:07.153476,3333333333,xyz,Disconnected,2000,A000003
2022-03-11 02:43:07.153476,4444444444,xyz,Disconnected,2000,A000004
2022-03-11 02:43:07.153476,5555555555,xyz,Disconnected,2000,A000005
2022-03-11 02:43:07.178200,1111111111,xyz,Connected,0,A000001
2022-03-11 02:43:07.178200,2222222222,xyz,Connected,0,A000002
2022-03-11 02:43:07.178200,3333333333,xyz,Connected,0,A000003
2022-03-11 02:43:07.178200,4444444444,xyz,Connected,0,A000004
2022-03-11 02:43:07.178200,5555555555,xyz,Connected,0,A000005
2022-03-11 02:43:07.209700,1111111111,xyz,Disconnected,2000,A000001
2022-03-11 02:43:07.209700,2222222222,xyz,Disconnected,2000,A000002
2022-03-11 02:43:07.209700,3333333333,xyz,Disconnected,2000,A000003
2022-03-11 02:43:07.209700,4444444444,xyz,Disconnected,2000,A000004
2022-03-11 02:43:07.209700,5555555555,xyz,Disconnected,2000,A000005
2022-03-11 02:43:07.225647,1111111111,xyz,Connected,0,A000001
2022-03-11 02:43:07.225647,2222222222,xyz,Connected,0,A000002
2022-03-11 02:43:07.225647,3333333333,xyz,Connected,0,A000003
2022-03-11 02:43:07.225647,4444444444,xyz,Connected,0,A000004
2022-03-11 02:43:07.225647,5555555555,xyz,Connected,0,A000005
2022-03-11 02:43:07.252432,1111111111,xyz,Disconnected,2000,A000001
2022-03-11 02:43:07.252432,2222222222,xyz,Disconnected,2000,A000002
2022-03-11 02:43:07.252432,3333333333,xyz,Disconnected,2000,A000003
2022-03-11 02:43:07.252432,4444444444,xyz,Disconnected,2000,A000004
2022-03-11 02:43:07.252432,5555555555,xyz,Disconnected,2000,A000005
2022-03-11 02:43:07.267951,1111111111,xyz,Connected,0,A000001
2022-03-11 02:43:07.267951,2222222222,xyz,Connected,0,A000002
2022-03-11 02:43:07.267951,3333333333,xyz,Connected,0,A000003
2022-03-11 02:43:07.267951,4444444444,xyz,Connected,0,A000004
2022-03-11 02:43:07.267951,5555555555,xyz,Connected,0,A000005
2022-03-11 02:43:07.298785,1111111111,xyz,Disconnected,2000,A000001
2022-03-11 02:43:07.298785,2222222222,xyz,Disconnected,2000,A000002
2022-03-11 02:43:07.298785,3333333333,xyz,Disconnected,2000,A000003
2022-03-11 02:43:07.298785,4444444444,xyz,Disconnected,2000,A000004
2022-03-11 02:43:07.298785,5555555555,xyz,Disconnected,2000,A000005
2022-03-11 02:43:07.314733,1111111111,xyz,Connected,0,A000001
2022-03-11 02:43:07.314733,2222222222,xyz,Connected,0,A000002
2022-03-11 02:43:07.314733,3333333333,xyz,Connected,0,A000003
2022-03-11 02:43:07.314733,4444444444,xyz,Connected,0,A000004
2022-03-11 02:43:07.314733,5555555555,xyz,Connected,0,A000005
2022-03-11 02:43:07.345685,1111111111,xyz,Disconnected,2000,A000001
2022-03-11 02:43:07.345685,2222222222,xyz,Disconnected,2000,A000002
2022-03-11 02:43:07.345685,3333333333,xyz,Disconnected,2000,A000003
2022-03-11 02:43:07.345685,4444444444,xyz,Disconnected,2000,A000004
2022-03-11 02:43:07.345685,5555555555,xyz,Disconnected,2000,A000005
2022-03-11 02:43:07.361465,1111111111,xyz,Connected,0,A000001
2022-03-11 02:43:07.361465,2222222222,xyz,Connected,0,A000002
2022-03-11 02:43:07.361465,3333333333,xyz,Connected,0,A000003
2022-03-11 02:43:07.361465,4444444444,xyz,Connected,0,A000004
2022-03-11 02:43:07.361465,5555555555,xyz,Connected,0,A000005
2022-03-11 02:43:07.392928,1111111111,xyz,Disconnected,2000,A000001
2022-03-11 02:43:07.392928,2222222222,xyz,Disconnected,2000,A000002
2022-03-11 02:43:07.392928,3333333333,xyz,Disconnected,2000,A000003
2022-03-11 02:43:07.392928,4444444444,xyz,Disconnected,2000,A000004
2022-03-11 02:43:07.392928,5555555555,xyz,Disconnected,2000,A000005
2022-03-11 02:43:07.408221,1111111111,xyz,Connected,0,A000001
2022-03-11 02:43:07.408221,2222222222,xyz,Connected,0,A000002
2022-03-11 02:43:07.408221,3333333333,xyz,Connected,0,A000003
2022-03-11 02:43:07.408221,4444444444,xyz,Connected,0,A000004
2022-03-11 02:43:07.408221,5555555555,xyz,Connected,0,A000005
2022-03-11 02:43:07.439384,1111111111,xyz,Disconnected,2000,A000001
2022-03-11 02:43:07.439384,2222222222,xyz,Disconnected,2000,A000002
2022-03-11 02:43:07.439384,3333333333,xyz,Disconnected,2000,A000003
2022-03-11 02:43:07.439384,4444444444,xyz,Disconnected,2000,A000004
2022-03-11 02:43:07.439384,5555555555,xyz,Disconnected,2000,A000005
2022-03-11 02:43:07.455333,1111111111,xyz,Connected,0,A000001
2022-03-11 02:43:07.455333,2222222222,xyz,Connected,0,A000002
2022-03-11 02:43:07.455333,3333333333,xyz,Connected,0,A000003
2022-03-11 02:43:07.455333,4444444444,xyz,Connected,0,A000004
2022-03-11 02:43:07.455333,5555555555,xyz,Connected,0,A000005
2022-03-11 02:43:07.487322,1111111111,xyz,Disconnected,2000,A000001
2022-03-11 02:43:07.487460,2222222222,xyz,Disconnected,2000,A000002
2022-03-11 02:43:07.487460,3333333333,xyz,Disconnected,2000,A000003
2022-03-11 02:43:07.487460,4444444444,xyz,Disconnected,2000,A000004
2022-03-11 02:43:07.487460,5555555555,xyz,Disconnected,2000,A000005
2022-03-11 02:43:07.502540,1111111111,xyz,Connected,0,A000001
2022-03-11 02:43:07.502540,2222222222,xyz,Connected,0,A000002
2022-03-11 02:43:07.502540,3333333333,xyz,Connected,0,A000003
2022-03-11 02:43:07.502540,4444444444,xyz,Connected,0,A000004
2022-03-11 02:43:07.502540,5555555555,xyz,Connected,0,A000005
2022-03-11 02:43:07.533096,1111111111,xyz,Disconnected,2000,A000001
2022-03-11 02:43:07.533096,2222222222,xyz,Disconnected,2000,A000002
2022-03-11 02:43:07.533096,3333333333,xyz,Disconnected,2000,A000003
2022-03-11 02:43:07.533096,4444444444,xyz,Disconnected,2000,A000004
2022-03-11 02:43:07.533096,5555555555,xyz,Disconnected,2000,A000005
2022-03-11 02:43:07.549045,1111111111,xyz,Connected,0,A000001
2022-03-11 02:43:07.549045,2222222222,xyz,Connected,0,A000002
2022-03-11 02:43:07.549045,3333333333,xyz,Connected,0,A000003
2022-03-11 02:43:07.549045,4444444444,xyz,Connected,0,A000004
2022-03-11 02:43:07.549045,5555555555,xyz,Connected,0,A000005
2022-03-11 02:43:07.579650,1111111111,xyz,Disconnected,2000,A000001
2022-03-11 02:43:07.579650,2222222222,xyz,Disconnected,2000,A000002
2022-03-11 02:43:07.579650,3333333333,xyz,Disconnected,2000,A000003
2022-03-11 02:43:07.579650,4444444444,xyz,Disconnected,2000,A000004
2022-03-11 02:43:07.579650,5555555555,xyz,Disconnected,2000,A000005
2022-03-11 02:43:07.594766,1111111111,xyz,Connected,0,A000001
2022-03-11 02:43:07.594766,2222222222,xyz,Connected,0,A000002
2022-03-11 02:43:07.594766,3333333333,xyz,Connected,0,A000003
2022-03-11 02:43:07.594766,4444444444,xyz,Connected,0,A000004
2022-03-11 02:43:07.594766,5555555555,xyz,Connected,0,A000005
2022-03-11 02:43:07.625444,1111111111,xyz,Disconnected,2000,A000001
2022-03-11 02:43:07.625444,2222222222,xyz,Disconnected,2000,A000002
2022-03-11 02:43:07.625444,3333333333,xyz,Disconnected,2000,A000003
2022-03-11 02:43:07.625444,4444444444,xyz,Disconnected,2000,A000004
2022-03-11 02:43:07.625444,5555555555,xyz,Disconnected,2000,A000005
2022-03-11 02:43:07.640394,1111111111,xyz,Connected,0,A000001
2022-03-11 02:43:07.640394,2222222222,xyz,Connected,0,A000002
2022-03-11 02:43:07.640394,3333333333,xyz,Connected,0,A000003
2022-03-11 02:43:07.640394,4444444444,xyz,Connected,0,A000004
2022-03-11 02:43:07.640394,5555555555,xyz,Connected,0,A000005
2022-03-11 02:43:07.672287,1111111111,xyz,Disconnected,2000,A000001
2022-03-11 02:43:07.672287,2222222222,xyz,Disconnected,2000,A000002
2022-03-11 02:43:07.672287,3333333333,xyz,Disconnected,2000,A000003
2022-03-11 02:43:07.672287,4444444444,xyz,Disconnected,2000,A000004
2022-03-11 02:43:07.672287,5555555555,xyz,Disconnected,2000,A000005
2022-03-11 02:43:07.688234,1111111111,xyz,Connected,0,A000001
2022-03-11 02:43:07.688234,2222222222,xyz,Connected,0,A000002
2022-03-11 02:43:07.688234,3333333333,xyz,Connected,0,A000003
2022-03-11 02:43:07.688234,4444444444,xyz,Connected,0,A000004
2022-03-11 02:43:07.688234,5555555555,xyz,Connected,0,A000005
2022-03-11 02:43:07.718782,1111111111,xyz,Disconnected,2000,A000001
2022-03-11 02:43:07.718782,2222222222,xyz,Disconnected,2000,A000002
2022-03-11 02:43:07.718782,3333333333,xyz,Disconnected,2000,A000003
2022-03-11 02:43:07.718782,4444444444,xyz,Disconnected,2000,A000004
2022-03-11 02:43:07.718782,5555555555,xyz,Disconnected,2000,A000005
2022-03-11 02:43:07.734729,1111111111,xyz,Connected,0,A000001
2022-03-11 02:43:07.734729,2222222222,xyz,Connected,0,A000002
2022-03-11 02:43:07.734729,3333333333,xyz,Connected,0,A000003
2022-03-11 02:43:07.734729,4444444444,xyz,Connected,0,A000004
2022-03-11 02:43:07.734729,5555555555,xyz,Connected,0,A000005
2022-03-11 02:43:07.765628,1111111111,xyz,Disconnected,2000,A000001
2022-03-11 02:43:07.765628,2222222222,xyz,Disconnected,2000,A000002
2022-03-11 02:43:07.765628,3333333333,xyz,Disconnected,2000,A000003
2022-03-11 02:43:07.765628,4444444444,xyz,Disconnected,2000,A000004
2022-03-11 02:43:07.765628,5555555555,xyz,Disconnected,2000,A000005
2022-03-11 02:43:07.781595,1111111111,xyz,Connected,0,A000001
2022-03-11 02:43:07.781595,2222222222,xyz,Connected,0,A000002
2022-03-11 02:43:07.781595,3333333333,xyz,Connected,0,A000003
2022-03-11 02:43:07.781595,4444444444,xyz,Connected,0,A000004
2022-03-11 02:43:07.781595,5555555555,xyz,Connected,0,A000005
2022-03-11 02:43:07.812923,1111111111,xyz,Disconnected,2000,A000001
2022-03-11 02:43:07.812923,2222222222,xyz,Disconnected,2000,A000002
2022-03-11 02:43:07.812923,3333333333,xyz,Disconnected,2000,A000003
2022-03-11 02:43:07.812923,4444444444,xyz,Disconnected,2000,A000004
2022-03-11 02:43:07.812923,5555555555,xyz,Disconnected,2000,A000005
2022-03-11 02:43:07.827874,1111111111,xyz,Connected,0,A000001
2022-03-11 02:43:07.827874,2222222222,xyz,Connected,0,A000002
2022-03-11 02:43:07.827874,3333333333,xyz,Connected,0,A000003
2022-03-11 02:43:07.827874,4444444444,xyz,Connected,0,A000004
2022-03-11 02:43:07.827874,5555555555,xyz,Connected,0,A000005
2022-03-11 02:43:07.859351,1111111111,xyz,Disconnected,2000,A000001
2022-03-11 02:43:07.859351,2222222222,xyz,Disconnected,2000,A000002
2022-03-11 02:43:07.859571,3333333333,xyz,Disconnected,2000,A000003
2022-03-11 02:43:07.859571,4444444444,xyz,Disconnected,2000,A000004
2022-03-11 02:43:07.859571,5555555555,xyz,Disconnected,2000,A000005
2022-03-11 02:43:07.874555,1111111111,xyz,Connected,0,A000001
2022-03-11 02:43:07.874555,2222222222,xyz,Connected,0,A000002
2022-03-11 02:43:07.874555,3333333333,xyz,Connected,0,A000003
2022-03-11 02:43:07.874555,4444444444,xyz,Connected,0,A000004
2022-03-11 02:43:07.874555,5555555555,xyz,Connected,0,A000005
2022-03-11 02:43:07.905451,1111111111,xyz,Disconnected,2000,A000001
2022-03-11 02:43:07.905451,2222222222,xyz,Disconnected,2000,A000002
2022-03-11 02:43:07.905451,3333333333,xyz,Disconnected,2000,A000003
2022-03-11 02:43:07.905451,4444444444,xyz,Disconnected,2000,A000004
2022-03-11 02:43:07.905451,5555555555,xyz,Disconnected,2000,A000005
