Time,ICCID(SIM ID),Arbitrary Column,Connection Event,Bytes Used
2022-03-10 01:10:50.074441,1111111111,xyz,Connected,0
2022-03-10 01:10:50.074441,2222222222,xyz,Connected,0
2022-03-10 01:10:50.074441,3333333333,xyz,Connected,0
2022-03-10 01:10:50.074441,4444444444,xyz,Connected,0
2022-03-10 01:10:50.074441,5555555555,xyz,Connected,0
2022-03-10 01:10:50.101124,1111111111,xyz,Disconnected,2000
2022-03-10 01:10:50.101124,2222222222,xyz,Disconnected,2000
2022-03-10 01:10:50.101124,3333333333,xyz,Disconnected,2000
2022-03-10 01:10:50.101124,4444444444,xyz,Disconnected,2000
2022-03-10 01:10:50.101124,5555555555,xyz,Disconnected,2000
2022-03-10 01:10:50.230584,1111111111,xyz,Connected,0
2022-03-10 01:10:50.230584,2222222222,xyz,Connected,0
2022-03-10 01:10:50.230584,3333333333,xyz,Connected,0
2022-03-10 01:10:50.230584,4444444444,xyz,Connected,0
2022-03-10 01:10:50.230584,5555555555,xyz,Connected,0
2022-03-10 01:10:50.261811,1111111111,xyz,Disconnected,2000
2022-03-10 01:10:50.261811,2222222222,xyz,Disconnected,2000
2022-03-10 01:10:50.261811,3333333333,xyz,Disconnected,2000
2022-03-10 01:10:50.261811,4444444444,xyz,Disconnected,2000
2022-03-10 01:10:50.261811,5555555555,xyz,Disconnected,2000
2022-03-10 01:10:50.387081,1111111111,xyz,Connected,0
2022-03-10 01:10:50.387081,2222222222,xyz,Connected,0
2022-03-10 01:10:50.387081,3333333333,xyz,Connected,0
2022-03-10 01:10:50.387081,4444444444,xyz,Connected,0
2022-03-10 01:10:50.387081,5555555555,xyz,Connected,0
2022-03-10 01:10:50.418737,1111111111,xyz,Disconnected,2000
2022-03-10 01:10:50.418737,2222222222,xyz,Disconnected,2000
2022-03-10 01:10:50.418737,3333333333,xyz,Disconnected,2000
2022-03-10 01:10:50.418737,4444444444,xyz,Disconnected,2000
2022-03-10 01:10:50.418737,5555555555,xyz,Disconnected,2000
2022-03-10 01:10:50.543834,1111111111,xyz,Connected,0
2022-03-10 01:10:50.543834,2222222222,xyz,Connected,0
2022-03-10 01:10:50.543834,3333333333,xyz,Connected,0
2022-03-10 01:10:50.543834,4444444444,xyz,Connected,0
2022-03-10 01:10:50.543834,5555555555,xyz,Connected,0
2022-03-10 01:10:50.575085,1111111111,xyz,Disconnected,2000
2022-03-10 01:10:50.575085,2222222222,xyz,Disconnected,2000
2022-03-10 01:10:50.575085,3333333333,xyz,Disconnected,2000
2022-03-10 01:10:50.575085,4444444444,xyz,Disconnected,2000
2022-03-10 01:10:50.575085,5555555555,xyz,Disconnected,2000
2022-03-10 01:10:50.700979,1111111111,xyz,Connected,0
2022-03-10 01:10:50.700979,2222222222,xyz,Connected,0
2022-03-10 01:10:50.700979,3333333333,xyz,Connected,0
2022-03-10 01:10:50.700979,4444444444,xyz,Connected,0
2022-03-10 01:10:50.700979,5555555555,xyz,Connected,0
2022-03-10 01:10:50.733132,1111111111,xyz,Disconnected,2000
2022-03-10 01:10:50.733132,2222222222,xyz,Disconnected,2000
2022-03-10 01:10:50.733132,3333333333,xyz,Disconnected,2000
2022-03-10 01:10:50.733132,4444444444,xyz,Disconnected,2000
2022-03-10 01:10:50.733132,5555555555,xyz,Disconnected,2000
2022-03-10 01:10:50.859557,1111111111,xyz,Connected,0
2022-03-10 01:10:50.859557,2222222222,xyz,Connected,0
2022-03-10 01:10:50.859557,3333333333,xyz,Connected,0
2022-03-10 01:10:50.859557,4444444444,xyz,Connected,0
2022-03-10 01:10:50.859557,5555555555,xyz,Connected,0
2022-03-10 01:10:50.891312,1111111111,xyz,Disconnected,2000
2022-03-10 01:10:50.891312,2222222222,xyz,Disconnected,2000
2022-03-10 01:10:50.891312,3333333333,xyz,Disconnected,2000
2022-03-10 01:10:50.891312,4444444444,xyz,Disconnected,2000
2022-03-10 01:10:50.891312,5555555555,xyz,Disconnected,2000
2022-03-10 01:10:51.017509,1111111111,xyz,Connected,0
2022-03-10 01:10:51.017509,2222222222,xyz,Connected,0
2022-03-10 01:10:51.017509,3333333333,xyz,Connected,0
2022-03-10 01:10:51.017509,4444444444,xyz,Connected,0
2022-03-10 01:10:51.017509,5555555555,xyz,Connected,0
2022-03-10 01:10:51.048854,1111111111,xyz,Disconnected,2000
2022-03-10 01:10:51.048854,2222222222,xyz,Disconnected,2000
2022-03-10 01:10:51.048854,3333333333,xyz,Disconnected,2000
2022-03-10 01:10:51.048854,4444444444,xyz,Disconnected,2000
2022-03-10 01:10:51.048854,5555555555,xyz,Disconnected,2000
2022-03-10 01:10:51.173479,1111111111,xyz,Connected,0
2022-03-10 01:10:51.173479,2222222222,xyz,Connected,0
2022-03-10 01:10:51.173479,3333333333,xyz,Connected,0
2022-03-10 01:10:51.173479,4444444444,xyz,Connected,0
2022-03-10 01:10:51.173479,5555555555,xyz,Connected,0
2022-03-10 01:10:51.205289,1111111111,xyz,Disconnected,2000
2022-03-10 01:10:51.205289,2222222222,xyz,Disconnected,2000
2022-03-10 01:10:51.205289,3333333333,xyz,Disconnected,2000
2022-03-10 01:10:51.205289,4444444444,xyz,Disconnected,2000
2022-03-10 01:10:51.205289,5555555555,xyz,Disconnected,2000
2022-03-10 01:10:51.330961,1111111111,xyz,Connected,0
2022-03-10 01:10:51.330961,2222222222,xyz,Connected,0
2022-03-10 01:10:51.330961,3333333333,xyz,Connected,0
2022-03-10 01:10:51.330961,4444444444,xyz,Connected,0
2022-03-10 01:10:51.330961,5555555555,xyz,Connected,0
2022-03-10 01:10:51.362208,1111111111,xyz,Disconnected,2000
2022-03-10 01:10:51.362208,2222222222,xyz,Disconnected,2000
2022-03-10 01:10:51.362208,3333333333,xyz,Disconnected,2000
2022-03-10 01:10:51.362208,4444444444,xyz,Disconnected,2000
2022-03-10 01:10:51.362208,5555555555,xyz,Disconnected,2000
2022-03-10 01:10:51.487692,1111111111,xyz,Connected,0
2022-03-10 01:10:51.487692,2222222222,xyz,Connected,0
2022-03-10 01:10:51.487692,3333333333,xyz,Connected,0
2022-03-10 01:10:51.487692,4444444444,xyz,Connected,0
2022-03-10 01:10:51.487692,5555555555,xyz,Connected,0
2022-03-10 01:10:51.519419,1111111111,xyz,Disconnected,2000
2022-03-10 01:10:51.519419,2222222222,xyz,Disconnected,2000
2022-03-10 01:10:51.519419,3333333333,xyz,Disconnected,2000
2022-03-10 01:10:51.519419,4444444444,xyz,Disconnected,2000
2022-03-10 01:10:51.519419,5555555555,xyz,Disconnected,2000
2022-03-10 01:10:51.647843,1111111111,xyz,Connected,0
2022-03-10 01:10:51.647843,2222222222,xyz,Connected,0
2022-03-10 01:10:51.647843,3333333333,xyz,Connected,0
2022-03-10 01:10:51.647843,4444444444,xyz,Connected,0
2022-03-10 01:10:51.647843,5555555555,xyz,Connected,0
2022-03-10 01:10:51.679091,1111111111,xyz,Disconnected,2000
2022-03-10 01:10:51.679091,2222222222,xyz,Disconnected,2000
2022-03-10 01:10:51.679091,3333333333,xyz,Disconnected,2000
2022-03-10 01:10:51.679091,4444444444,xyz,Disconnected,2000
2022-03-10 01:10:51.679091,5555555555,xyz,Disconnected,2000
2022-03-10 01:10:51.797030,1111111111,xyz,Connected,0
2022-03-10 01:10:51.797030,2222222222,xyz,Connected,0
2022-03-10 01:10:51.797030,3333333333,xyz,Connected,0
2022-03-10 01:10:51.797030,4444444444,xyz,Connected,0
2022-03-10 01:10:51.797030,5555555555,xyz,Connected,0
2022-03-10 01:10:51.828385,1111111111,xyz,Disconnected,2000
2022-03-10 01:10:51.828385,2222222222,xyz,Disconnected,2000
2022-03-10 01:10:51.828385,3333333333,xyz,Disconnected,2000
2022-03-10 01:10:51.828385,4444444444,xyz,Disconnected,2000
2022-03-10 01:10:51.828385,5555555555,xyz,Disconnected,2000
2022-03-10 01:10:51.954974,1111111111,xyz,Connected,0
2022-03-10 01:10:51.954974,2222222222,xyz,Connected,0
2022-03-10 01:10:51.954974,3333333333,xyz,Connected,0
2022-03-10 01:10:51.954974,4444444444,xyz,Connected,0
2022-03-10 01:10:51.954974,5555555555,xyz,Connected,0
2022-03-10 01:10:51.986219,1111111111,xyz,Disconnected,2000
2022-03-10 01:10:51.986219,2222222222,xyz,Disconnected,2000
2022-03-10 01:10:51.986219,3333333333,xyz,Disconnected,2000
2022-03-10 01:10:51.986219,4444444444,xyz,Disconnected,2000
2022-03-10 01:10:51.986219,5555555555,xyz,Disconnected,2000
2022-03-10 01:10:52.116964,1111111111,xyz,Connected,0
2022-03-10 01:10:52.116964,2222222222,xyz,Connected,0
2022-03-10 01:10:52.116964,3333333333,xyz,Connected,0
2022-03-10 01:10:52.116964,4444444444,xyz,Connected,0
2022-03-10 01:10:52.116964,5555555555,xyz,Connected,0
2022-03-10 01:10:52.143774,1111111111,xyz,Disconnected,2000
2022-03-10 01:10:52.143774,2222222222,xyz,Disconnected,2000
2022-03-10 01:10:52.143774,3333333333,xyz,Disconnected,2000
2022-03-10 01:10:52.143774,4444444444,xyz,Disconnected,2000
2022-03-10 01:10:52.143774,5555555555,xyz,Disconnected,2000
2022-03-10 01:10:52.266006,1111111111,xyz,Connected,0
2022-03-10 01:10:52.266006,2222222222,xyz,Connected,0
2022-03-10 01:10:52.266006,3333333333,xyz,Connected,0
2022-03-10 01:10:52.266006,4444444444,xyz,Connected,0
2022-03-10 01:10:52.266006,5555555555,xyz,Connected,0
2022-03-10 01:10:52.297947,1111111111,xyz,Disconnected,2000
2022-03-10 01:10:52.297947,2222222222,xyz,Disconnected,2000
2022-03-10 01:10:52.297947,3333333333,xyz,Disconnected,2000
2022-03-10 01:10:52.297947,4444444444,xyz,Disconnected,2000
2022-03-10 01:10:52.297947,5555555555,xyz,Disconnected,2000
2022-03-10 01:10:52.424472,1111111111,xyz,Connected,0
2022-03-10 01:10:52.424472,2222222222,xyz,Connected,0
2022-03-10 01:10:52.424472,3333333333,xyz,Connected,0
2022-03-10 01:10:52.424472,4444444444,xyz,Connected,0
2022-03-10 01:10:52.424472,5555555555,xyz,Connected,0
2022-03-10 01:10:52.455648,1111111111,xyz,Disconnected,2000
2022-03-10 01:10:52.455648,2222222222,xyz,Disconnected,2000
2022-03-10 01:10:52.455648,3333333333,xyz,Disconnected,2000
2022-03-10 01:10:52.455648,4444444444,xyz,Disconnected,2000
2022-03-10 01:10:52.455648,5555555555,xyz,Disconnected,2000
2022-03-10 01:10:52.581046,1111111111,xyz,Connected,0
2022-03-10 01:10:52.581046,2222222222,xyz,Connected,0
2022-03-10 01:10:52.581046,3333333333,xyz,Connected,0
2022-03-10 01:10:52.581046,4444444444,xyz,Connected,0
2022-03-10 01:10:52.581046,5555555555,xyz,Connected,0
2022-03-10 01:10:52.612706,1111111111,xyz,Disconnected,2000
2022-03-10 01:10:52.612706,2222222222,xyz,Disconnected,2000
2022-03-10 01:10:52.612706,3333333333,xyz,Disconnected,2000
2022-03-10 01:10:52.612706,4444444444,xyz,Disconnected,2000
2022-03-10 01:10:52.612706,5555555555,xyz,Disconnected,2000
2022-03-10 01:10:52.738767,1111111111,xyz,Connected,0
2022-03-10 01:10:52.738767,2222222222,xyz,Connected,0
2022-03-10 01:10:52.738767,3333333333,xyz,Connected,0
2022-03-10 01:10:52.738767,4444444444,xyz,Connected,0
2022-03-10 01:10:52.738767,5555555555,xyz,Connected,0
2022-03-10 01:10:52.783545,1111111111,xyz,Disconnected,2000
2022-03-10 01:10:52.783545,2222222222,xyz,Disconnected,2000
2022-03-10 01:10:52.783545,3333333333,xyz,Disconnected,2000
2022-03-10 01:10:52.783545,4444444444,xyz,Disconnected,2000
2022-03-10 01:10:52.783545,5555555555,xyz,Disconnected,2000
2022-03-10 01:10:52.909772,1111111111,xyz,Connected,0
2022-03-10 01:10:52.909772,2222222222,xyz,Connected,0
2022-03-10 01:10:52.909772,3333333333,xyz,Connected,0
2022-03-10 01:10:52.909772,4444444444,xyz,Connected,0
2022-03-10 01:10:52.909772,5555555555,xyz,Connected,0
2022-03-10 01:10:52.941045,1111111111,xyz,Disconnected,2000
2022-03-10 01:10:52.941045,2222222222,xyz,Disconnected,2000
2022-03-10 01:10:52.941045,3333333333,xyz,Disconnected,2000
2022-03-10 01:10:52.941045,4444444444,xyz,Disconnected,2000
2022-03-10 01:10:52.941045,5555555555,xyz,Disconnected,2000
2022-03-10 01:10:53.067356,1111111111,xyz,Connected,0
2022-03-10 01:10:53.067554,2222222222,xyz,Connected,0
2022-03-10 01:10:53.067554,3333333333,xyz,Connected,0
2022-03-10 01:10:53.067554,4444444444,xyz,Connected,0
2022-03-10 01:10:53.067554,5555555555,xyz,Connected,0
2022-03-10 01:10:53.099511,1111111111,xyz,Disconnected,2000
2022-03-10 01:10:53.099511,2222222222,xyz,Disconnected,2000
2022-03-10 01:10:53.099511,3333333333,xyz,Disconnected,2000
2022-03-10 01:10:53.099511,4444444444,xyz,Disconnected,2000
2022-03-10 01:10:53.099511,5555555555,xyz,Disconnected,2000
2022-03-10 01:10:53.220235,1111111111,xyz,Connected,0
2022-03-10 01:10:53.220235,2222222222,xyz,Connected,0
2022-03-10 01:10:53.220235,3333333333,xyz,Connected,0
2022-03-10 01:10:53.220235,4444444444,xyz,Connected,0
2022-03-10 01:10:53.220235,5555555555,xyz,Connected,0
2022-03-10 01:10:53.251422,1111111111,xyz,Disconnected,2000
2022-03-10 01:10:53.251422,2222222222,xyz,Disconnected,2000
2022-03-10 01:10:53.251422,3333333333,xyz,Disconnected,2000
2022-03-10 01:10:53.251422,4444444444,xyz,Disconnected,2000
2022-03-10 01:10:53.251422,5555555555,xyz,Disconnected,2000
2022-03-10 01:10:53.377586,1111111111,xyz,Connected,0
2022-03-10 01:10:53.377586,2222222222,xyz,Connected,0
2022-03-10 01:10:53.377586,3333333333,xyz,Connected,0
2022-03-10 01:10:53.377586,4444444444,xyz,Connected,0
2022-03-10 01:10:53.377586,5555555555,xyz,Connected,0
2022-03-10 01:10:53.409398,1111111111,xyz,Disconnected,2000
2022-03-10 01:10:53.409398,2222222222,xyz,Disconnected,2000
2022-03-10 01:10:53.409398,3333333333,xyz,Disconnected,2000
2022-03-10 01:10:53.409398,4444444444,xyz,Disconnected,2000
2022-03-10 01:10:53.409398,5555555555,xyz,Disconnected,2000
2022-03-10 01:10:53.534890,1111111111,xyz,Connected,0
2022-03-10 01:10:53.534890,2222222222,xyz,Connected,0
2022-03-10 01:10:53.534890,3333333333,xyz,Connected,0
2022-03-10 01:10:53.534890,4444444444,xyz,Connected,0
2022-03-10 01:10:53.534890,5555555555,xyz,Connected,0
2022-03-10 01:10:53.566178,1111111111,xyz,Disconnected,2000
2022-03-10 01:10:53.566178,2222222222,xyz,Disconnected,2000
2022-03-10 01:10:53.566178,3333333333,xyz,Disconnected,2000
2022-03-10 01:10:53.566178,4444444444,xyz,Disconnected,2000
2022-03-10 01:10:53.566178,5555555555,xyz,Disconnected,2000
2022-03-10 01:10:53.696108,1111111111,xyz,Connected,0
2022-03-10 01:10:53.696335,2222222222,xyz,Connected,0
2022-03-10 01:10:53.696335,3333333333,xyz,Connected,0
2022-03-10 01:10:53.696335,4444444444,xyz,Connected,0
2022-03-10 01:10:53.696335,5555555555,xyz,Connected,0
2022-03-10 01:10:53.728153,1111111111,xyz,Disconnected,2000
2022-03-10 01:10:53.728153,2222222222,xyz,Disconnected,2000
2022-03-10 01:10:53.728400,3333333333,xyz,Disconnected,2000
2022-03-10 01:10:53.728400,4444444444,xyz,Disconnected,2000
2022-03-10 01:10:53.728400,5555555555,xyz,Disconnected,2000
2022-03-10 01:10:53.858763,1111111111,xyz,Connected,0
2022-03-10 01:10:53.858763,2222222222,xyz,Connected,0
2022-03-10 01:10:53.858763,3333333333,xyz,Connected,0
2022-03-10 01:10:53.858763,4444444444,xyz,Connected,0
2022-03-10 01:10:53.858763,5555555555,xyz,Connected,0
2022-03-10 01:10:53.890012,1111111111,xyz,Disconnected,2000
2022-03-10 01:10:53.890012,2222222222,xyz,Disconnected,2000
2022-03-10 01:10:53.890012,3333333333,xyz,Disconnected,2000
2022-03-10 01:10:53.890012,4444444444,xyz,Disconnected,2000
2022-03-10 01:10:53.890012,5555555555,xyz,Disconnected,2000
2022-03-10 01:10:54.016400,1111111111,xyz,Connected,0
2022-03-10 01:10:54.016400,2222222222,xyz,Connected,0
2022-03-10 01:10:54.016400,3333333333,xyz,Connected,0
2022-03-10 01:10:54.016400,4444444444,xyz,Connected,0
2022-03-10 01:10:54.016400,5555555555,xyz,Connected,0
2022-03-10 01:10:54.047645,1111111111,xyz,Disconnected,2000
2022-03-10 01:10:54.047645,2222222222,xyz,Disconnected,2000
2022-03-10 01:10:54.047645,3333333333,xyz,Disconnected,2000
2022-03-10 01:10:54.047645,4444444444,xyz,Disconnected,2000
2022-03-10 01:10:54.047645,5555555555,xyz,Disconnected,2000
2022-03-10 01:10:54.173760,1111111111,xyz,Connected,0
2022-03-10 01:10:54.173760,2222222222,xyz,Connected,0
2022-03-10 01:10:54.173760,3333333333,xyz,Connected,0
2022-03-10 01:10:54.173760,4444444444,xyz,Connected,0
2022-03-10 01:10:54.173760,5555555555,xyz,Connected,0
2022-03-10 01:10:54.217025,1111111111,xyz,Disconnected,2000
2022-03-10 01:10:54.217025,2222222222,xyz,Disconnected,2000
2022-03-10 01:10:54.217025,3333333333,xyz,Disconnected,2000
2022-03-10 01:10:54.217025,4444444444,xyz,Disconnected,2000
2022-03-10 01:10:54.217025,5555555555,xyz,Disconnected,2000
2022-03-10 01:10:54.343134,1111111111,xyz,Connected,0
2022-03-10 01:10:54.343134,2222222222,xyz,Connected,0
2022-03-10 01:10:54.343134,3333333333,xyz,Connected,0
2022-03-10 01:10:54.343134,4444444444,xyz,Connected,0
2022-03-10 01:10:54.343134,5555555555,xyz,Connected,0
2022-03-10 01:10:54.374449,1111111111,xyz,Disconnected,2000
2022-03-10 01:10:54.374449,2222222222,xyz,Disconnected,2000
2022-03-10 01:10:54.374449,3333333333,xyz,Disconnected,2000
2022-03-10 01:10:54.374449,4444444444,xyz,Disconnected,2000
2022-03-10 01:10:54.374449,5555555555,xyz,Disconnected,2000
2022-03-10 01:10:54.500401,1111111111,xyz,Connected,0
2022-03-10 01:10:54.500401,2222222222,xyz,Connected,0
2022-03-10 01:10:54.500699,3333333333,xyz,Connected,0
2022-03-10 01:10:54.500699,4444444444,xyz,Connected,0
2022-03-10 01:10:54.500699,5555555555,xyz,Connected,0
2022-03-10 01:10:54.532074,1111111111,xyz,Disconnected,2000
2022-03-10 01:10:54.532074,2222222222,xyz,Disconnected,2000
2022-03-10 01:10:54.532074,3333333333,xyz,Disconnected,2000
2022-03-10 01:10:54.532074,4444444444,xyz,Disconnected,2000
2022-03-10 01:10:54.532074,5555555555,xyz,Disconnected,2000
2022-03-10 01:10:54.657476,1111111111,xyz,Connected,0
2022-03-10 01:10:54.657476,2222222222,xyz,Connected,0
2022-03-10 01:10:54.657476,3333333333,xyz,Connected,0
2022-03-10 01:10:54.657476,4444444444,xyz,Connected,0
2022-03-10 01:10:54.657476,5555555555,xyz,Connected,0
2022-03-10 01:10:54.688722,1111111111,xyz,Disconnected,2000
2022-03-10 01:10:54.688930,2222222222,xyz,Disconnected,2000
2022-03-10 01:10:54.688930,3333333333,xyz,Disconnected,2000
2022-03-10 01:10:54.688930,4444444444,xyz,Disconnected,2000
2022-03-10 01:10:54.688930,5555555555,xyz,Disconnected,2000
2022-03-10 01:10:54.819940,1111111111,xyz,Connected,0
2022-03-10 01:10:54.819940,2222222222,xyz,Connected,0
2022-03-10 01:10:54.819940,3333333333,xyz,Connected,0
2022-03-10 01:10:54.819940,4444444444,xyz,Connected,0
2022-03-10 01:10:54.819940,5555555555,xyz,Connected,0
2022-03-10 01:10:54.851149,1111111111,xyz,Disconnected,2000
2022-03-10 01:10:54.851149,2222222222,xyz,Disconnected,2000
2022-03-10 01:10:54.851149,3333333333,xyz,Disconnected,2000
2022-03-10 01:10:54.851149,4444444444,xyz,Disconnected,2000
2022-03-10 01:10:54.851149,5555555555,xyz,Disconnected,2000
2022-03-10 01:10:54.979609,1111111111,xyz,Connected,0
2022-03-10 01:10:54.979609,2222222222,xyz,Connected,0
2022-03-10 01:10:54.979609,3333333333,xyz,Connected,0
2022-03-10 01:10:54.979609,4444444444,xyz,Connected,0
2022-03-10 01:10:54.979609,5555555555,xyz,Connected,0
2022-03-10 01:10:55.011290,1111111111,xyz,Disconnected,2000
2022-03-10 01:10:55.011290,2222222222,xyz,Disconnected,2000
2022-03-10 01:10:55.011290,3333333333,xyz,Disconnected,2000
2022-03-10 01:10:55.011290,4444444444,xyz,Disconnected,2000
2022-03-10 01:10:55.011290,5555555555,xyz,Disconnected,2000
2022-03-10 01:10:55.137040,1111111111,xyz,Connected,0
2022-03-10 01:10:55.137040,2222222222,xyz,Connected,0
2022-03-10 01:10:55.137040,3333333333,xyz,Connected,0
2022-03-10 01:10:55.137040,4444444444,xyz,Connected,0
2022-03-10 01:10:55.137040,5555555555,xyz,Connected,0
2022-03-10 01:10:55.168370,1111111111,xyz,Disconnected,2000
2022-03-10 01:10:55.168370,2222222222,xyz,Disconnected,2000
2022-03-10 01:10:55.168370,3333333333,xyz,Disconnected,2000
2022-03-10 01:10:55.168370,4444444444,xyz,Disconnected,2000
2022-03-10 01:10:55.168370,5555555555,xyz,Disconnected,2000
2022-03-10 01:10:55.298004,1111111111,xyz,Connected,0
2022-03-10 01:10:55.298004,2222222222,xyz,Connected,0
2022-03-10 01:10:55.298004,3333333333,xyz,Connected,0
2022-03-10 01:10:55.298004,4444444444,xyz,Connected,0
2022-03-10 01:10:55.298004,5555555555,xyz,Connected,0
2022-03-10 01:10:55.329679,1111111111,xyz,Disconnected,2000
2022-03-10 01:10:55.329679,2222222222,xyz,Disconnected,2000
2022-03-10 01:10:55.329679,3333333333,xyz,Disconnected,2000
2022-03-10 01:10:55.329679,4444444444,xyz,Disconnected,2000
2022-03-10 01:10:55.329679,5555555555,xyz,Disconnected,2000
2022-03-10 01:10:55.455373,1111111111,xyz,Connected,0
2022-03-10 01:10:55.455373,2222222222,xyz,Connected,0
2022-03-10 01:10:55.455373,3333333333,xyz,Connected,0
2022-03-10 01:10:55.455373,4444444444,xyz,Connected,0
2022-03-10 01:10:55.455373,5555555555,xyz,Connected,0
2022-03-10 01:10:55.486551,1111111111,xyz,Disconnected,2000
2022-03-10 01:10:55.486551,2222222222,xyz,Disconnected,2000
2022-03-10 01:10:55.486551,3333333333,xyz,Disconnected,2000
2022-03-10 01:10:55.486551,4444444444,xyz,Disconnected,2000
2022-03-10 01:10:55.486551,5555555555,xyz,Disconnected,2000
2022-03-10 01:10:55.612615,1111111111,xyz,Connected,0
2022-03-10 01:10:55.612615,2222222222,xyz,Connected,0
2022-03-10 01:10:55.612615,3333333333,xyz,Connected,0
2022-03-10 01:10:55.612615,4444444444,xyz,Connected,0
2022-03-10 01:10:55.612615,5555555555,xyz,Connected,0
2022-03-10 01:10:55.643870,1111111111,xyz,Disconnected,2000
2022-03-10 01:10:55.643870,2222222222,xyz,Disconnected,2000
2022-03-10 01:10:55.643870,3333333333,xyz,Disconnected,2000
2022-03-10 01:10:55.643870,4444444444,xyz,Disconnected,2000
2022-03-10 01:10:55.643870,5555555555,xyz,Disconnected,2000
2022-03-10 01:10:55.775957,1111111111,xyz,Connected,0
2022-03-10 01:10:55.775957,2222222222,xyz,Connected,0
2022-03-10 01:10:55.775957,3333333333,xyz,Connected,0
2022-03-10 01:10:55.775957,4444444444,xyz,Connected,0
2022-03-10 01:10:55.775957,5555555555,xyz,Connected,0
2022-03-10 01:10:55.807983,1111111111,xyz,Disconnected,2000
2022-03-10 01:10:55.807983,2222222222,xyz,Disconnected,2000
2022-03-10 01:10:55.807983,3333333333,xyz,Disconnected,2000
2022-03-10 01:10:55.807983,4444444444,xyz,Disconnected,2000
2022-03-10 01:10:55.807983,5555555555,xyz,Disconnected,2000
2022-03-10 01:10:55.933705,1111111111,xyz,Connected,0
2022-03-10 01:10:55.933947,2222222222,xyz,Connected,0
2022-03-10 01:10:55.933947,3333333333,xyz,Connected,0
2022-03-10 01:10:55.933947,4444444444,xyz,Connected,0
2022-03-10 01:10:55.933947,5555555555,xyz,Connected,0
2022-03-10 01:10:55.965691,1111111111,xyz,Disconnected,2000
2022-03-10 01:10:55.965691,2222222222,xyz,Disconnected,2000
2022-03-10 01:10:55.965691,3333333333,xyz,Disconnected,2000
2022-03-10 01:10:55.965691,4444444444,xyz,Disconnected,2000
2022-03-10 01:10:55.965691,5555555555,xyz,Disconnected,2000
2022-03-10 01:10:56.096969,1111111111,xyz,Connected,0
2022-03-10 01:10:56.096969,2222222222,xyz,Connected,0
2022-03-10 01:10:56.096969,3333333333,xyz,Connected,0
2022-03-10 01:10:56.096969,4444444444,xyz,Connected,0
2022-03-10 01:10:56.096969,5555555555,xyz,Connected,0
2022-03-10 01:10:56.128741,1111111111,xyz,Disconnected,2000
2022-03-10 01:10:56.128741,2222222222,xyz,Disconnected,2000
2022-03-10 01:10:56.128741,3333333333,xyz,Disconnected,2000
2022-03-10 01:10:56.128741,4444444444,xyz,Disconnected,2000
2022-03-10 01:10:56.128741,5555555555,xyz,Disconnected,2000
2022-03-10 01:10:56.256578,1111111111,xyz,Connected,0
2022-03-10 01:10:56.256578,2222222222,xyz,Connected,0
2022-03-10 01:10:56.256578,3333333333,xyz,Connected,0
2022-03-10 01:10:56.256578,4444444444,xyz,Connected,0
2022-03-10 01:10:56.256578,5555555555,xyz,Connected,0
2022-03-10 01:10:56.292525,1111111111,xyz,Disconnected,2000
2022-03-10 01:10:56.292525,2222222222,xyz,Disconnected,2000
2022-03-10 01:10:56.292525,3333333333,xyz,Disconnected,2000
2022-03-10 01:10:56.292525,4444444444,xyz,Disconnected,2000
2022-03-10 01:10:56.292525,5555555555,xyz,Disconnected,2000
2022-03-10 01:10:56.415678,1111111111,xyz,Connected,0
2022-03-10 01:10:56.415678,2222222222,xyz,Connected,0
2022-03-10 01:10:56.415678,3333333333,xyz,Connected,0
2022-03-10 01:10:56.415678,4444444444,xyz,Connected,0
2022-03-10 01:10:56.415678,5555555555,xyz,Connected,0
2022-03-10 01:10:56.446939,1111111111,xyz,Disconnected,2000
2022-03-10 01:10:56.446939,2222222222,xyz,Disconnected,2000
2022-03-10 01:10:56.446939,3333333333,xyz,Disconnected,2000
2022-03-10 01:10:56.446939,4444444444,xyz,Disconnected,2000
2022-03-10 01:10:56.446939,5555555555,xyz,Disconnected,2000
2022-03-10 01:10:56.565946,1111111111,xyz,Connected,0
2022-03-10 01:10:56.565946,2222222222,xyz,Connected,0
2022-03-10 01:10:56.565946,3333333333,xyz,Connected,0
2022-03-10 01:10:56.565946,4444444444,xyz,Connected,0
2022-03-10 01:10:56.565946,5555555555,xyz,Connected,0
2022-03-10 01:10:56.597200,1111111111,xyz,Disconnected,2000
2022-03-10 01:10:56.597200,2222222222,xyz,Disconnected,2000
2022-03-10 01:10:56.597200,3333333333,xyz,Disconnected,2000
2022-03-10 01:10:56.597200,4444444444,xyz,Disconnected,2000
2022-03-10 01:10:56.597200,5555555555,xyz,Disconnected,2000
2022-03-10 01:10:56.723800,1111111111,xyz,Connected,0
2022-03-10 01:10:56.723800,2222222222,xyz,Connected,0
2022-03-10 01:10:56.723800,3333333333,xyz,Connected,0
2022-03-10 01:10:56.723800,4444444444,xyz,Connected,0
2022-03-10 01:10:56.723800,5555555555,xyz,Connected,0
2022-03-10 01:10:56.755044,1111111111,xyz,Disconnected,2000
2022-03-10 01:10:56.755044,2222222222,xyz,Disconnected,2000
2022-03-10 01:10:56.755044,3333333333,xyz,Disconnected,2000
2022-03-10 01:10:56.755044,4444444444,xyz,Disconnected,2000
2022-03-10 01:10:56.755044,5555555555,xyz,Disconnected,2000
2022-03-10 01:10:56.880244,1111111111,xyz,Connected,0
2022-03-10 01:10:56.880244,2222222222,xyz,Connected,0
2022-03-10 01:10:56.880244,3333333333,xyz,Connected,0
2022-03-10 01:10:56.880244,4444444444,xyz,Connected,0
2022-03-10 01:10:56.880244,5555555555,xyz,Connected,0
2022-03-10 01:10:56.912074,1111111111,xyz,Disconnected,2000
2022-03-10 01:10:56.912074,2222222222,xyz,Disconnected,2000
2022-03-10 01:10:56.912074,3333333333,xyz,Disconnected,2000
2022-03-10 01:10:56.912074,4444444444,xyz,Disconnected,2000
2022-03-10 01:10:56.912074,5555555555,xyz,Disconnected,2000
2022-03-10 01:10:57.039612,1111111111,xyz,Connected,0
2022-03-10 01:10:57.039612,2222222222,xyz,Connected,0
2022-03-10 01:10:57.039612,3333333333,xyz,Connected,0
2022-03-10 01:10:57.039612,4444444444,xyz,Connected,0
2022-03-10 01:10:57.039612,5555555555,xyz,Connected,0
2022-03-10 01:10:57.070825,1111111111,xyz,Disconnected,2000
2022-03-10 01:10:57.070825,2222222222,xyz,Disconnected,2000
2022-03-10 01:10:57.070825,3333333333,xyz,Disconnected,2000
2022-03-10 01:10:57.070825,4444444444,xyz,Disconnected,2000
2022-03-10 01:10:57.070825,5555555555,xyz,Disconnected,2000
2022-03-10 01:10:57.205913,1111111111,xyz,Connected,0
2022-03-10 01:10:57.205913,2222222222,xyz,Connected,0
2022-03-10 01:10:57.205913,3333333333,xyz,Connected,0
2022-03-10 01:10:57.205913,4444444444,xyz,Connected,0
2022-03-10 01:10:57.206131,5555555555,xyz,Connected,0
2022-03-10 01:10:57.237418,1111111111,xyz,Disconnected,2000
2022-03-10 01:10:57.237418,2222222222,xyz,Disconnected,2000
2022-03-10 01:10:57.237418,3333333333,xyz,Disconnected,2000
2022-03-10 01:10:57.237418,4444444444,xyz,Disconnected,2000
2022-03-10 01:10:57.237418,5555555555,xyz,Disconnected,2000
2022-03-10 01:10:57.368656,1111111111,xyz,Connected,0
2022-03-10 01:10:57.368656,2222222222,xyz,Connected,0
2022-03-10 01:10:57.368656,3333333333,xyz,Connected,0
2022-03-10 01:10:57.368656,4444444444,xyz,Connected,0
2022-03-10 01:10:57.368656,5555555555,xyz,Connected,0
2022-03-10 01:10:57.400552,1111111111,xyz,Disconnected,2000
2022-03-10 01:10:57.400552,2222222222,xyz,Disconnected,2000
2022-03-10 01:10:57.400552,3333333333,xyz,Disconnected,2000
2022-03-10 01:10:57.400552,4444444444,xyz,Disconnected,2000
2022-03-10 01:10:57.400801,5555555555,xyz,Disconnected,2000
2022-03-10 01:10:57.526209,1111111111,xyz,Connected,0
2022-03-10 01:10:57.526209,2222222222,xyz,Connected,0
2022-03-10 01:10:57.526209,3333333333,xyz,Connected,0
2022-03-10 01:10:57.526209,4444444444,xyz,Connected,0
2022-03-10 01:10:57.526209,5555555555,xyz,Connected,0
2022-03-10 01:10:57.557668,1111111111,xyz,Disconnected,2000
2022-03-10 01:10:57.557668,2222222222,xyz,Disconnected,2000
2022-03-10 01:10:57.557668,3333333333,xyz,Disconnected,2000
2022-03-10 01:10:57.557668,4444444444,xyz,Disconnected,2000
2022-03-10 01:10:57.557668,5555555555,xyz,Disconnected,2000
2022-03-10 01:10:57.682071,1111111111,xyz,Connected,0
2022-03-10 01:10:57.682071,2222222222,xyz,Connected,0
2022-03-10 01:10:57.682071,3333333333,xyz,Connected,0
2022-03-10 01:10:57.682071,4444444444,xyz,Connected,0
2022-03-10 01:10:57.682071,5555555555,xyz,Connected,0
2022-03-10 01:10:57.713731,1111111111,xyz,Disconnected,2000
2022-03-10 01:10:57.713984,2222222222,xyz,Disconnected,2000
2022-03-10 01:10:57.713984,3333333333,xyz,Disconnected,2000
2022-03-10 01:10:57.713984,4444444444,xyz,Disconnected,2000
2022-03-10 01:10:57.713984,5555555555,xyz,Disconnected,2000
2022-03-10 01:10:57.839571,1111111111,xyz,Connected,0
2022-03-10 01:10:57.839571,2222222222,xyz,Connected,0
2022-03-10 01:10:57.839571,3333333333,xyz,Connected,0
2022-03-10 01:10:57.839571,4444444444,xyz,Connected,0
2022-03-10 01:10:57.839571,5555555555,xyz,Connected,0
2022-03-10 01:10:57.870824,1111111111,xyz,Disconnected,2000
2022-03-10 01:10:57.870824,2222222222,xyz,Disconnected,2000
2022-03-10 01:10:57.870824,3333333333,xyz,Disconnected,2000
2022-03-10 01:10:57.870824,4444444444,xyz,Disconnected,2000
2022-03-10 01:10:57.870824,5555555555,xyz,Disconnected,2000
2022-03-10 01:10:57.993026,1111111111,xyz,Connected,0
2022-03-10 01:10:57.993026,2222222222,xyz,Connected,0
2022-03-10 01:10:57.993026,3333333333,xyz,Connected,0
2022-03-10 01:10:57.993026,4444444444,xyz,Connected,0
2022-03-10 01:10:57.993026,5555555555,xyz,Connected,0
2022-03-10 01:10:58.024734,1111111111,xyz,Disconnected,2000
2022-03-10 01:10:58.024734,2222222222,xyz,Disconnected,2000
2022-03-10 01:10:58.024734,3333333333,xyz,Disconnected,2000
2022-03-10 01:10:58.024734,4444444444,xyz,Disconnected,2000
2022-03-10 01:10:58.024734,5555555555,xyz,Disconnected,2000
2022-03-10 01:10:58.150411,1111111111,xyz,Connected,0
2022-03-10 01:10:58.150411,2222222222,xyz,Connected,0
2022-03-10 01:10:58.150411,3333333333,xyz,Connected,0
2022-03-10 01:10:58.150411,4444444444,xyz,Connected,0
2022-03-10 01:10:58.150411,5555555555,xyz,Connected,0
2022-03-10 01:10:58.181676,1111111111,xyz,Disconnected,2000
2022-03-10 01:10:58.181676,2222222222,xyz,Disconnected,2000
2022-03-10 01:10:58.181676,3333333333,xyz,Disconnected,2000
2022-03-10 01:10:58.181676,4444444444,xyz,Disconnected,2000
2022-03-10 01:10:58.181676,5555555555,xyz,Disconnected,2000
2022-03-10 01:10:58.302893,1111111111,xyz,Connected,0
2022-03-10 01:10:58.302893,2222222222,xyz,Connected,0
2022-03-10 01:10:58.303082,3333333333,xyz,Connected,0
2022-03-10 01:10:58.303082,4444444444,xyz,Connected,0
2022-03-10 01:10:58.303082,5555555555,xyz,Connected,0
2022-03-10 01:10:58.334362,1111111111,xyz,Disconnected,2000
2022-03-10 01:10:58.334362,2222222222,xyz,Disconnected,2000
2022-03-10 01:10:58.334362,3333333333,xyz,Disconnected,2000
2022-03-10 01:10:58.334362,4444444444,xyz,Disconnected,2000
2022-03-10 01:10:58.334362,5555555555,xyz,Disconnected,2000
2022-03-10 01:10:58.463532,1111111111,xyz,Connected,0
2022-03-10 01:10:58.463532,2222222222,xyz,Connected,0
2022-03-10 01:10:58.463532,3333333333,xyz,Connected,0
2022-03-10 01:10:58.463532,4444444444,xyz,Connected,0
2022-03-10 01:10:58.463532,5555555555,xyz,Connected,0
2022-03-10 01:10:58.494773,1111111111,xyz,Disconnected,2000
2022-03-10 01:10:58.494773,2222222222,xyz,Disconnected,2000
2022-03-10 01:10:58.494773,3333333333,xyz,Disconnected,2000
2022-03-10 01:10:58.494773,4444444444,xyz,Disconnected,2000
2022-03-10 01:10:58.494773,5555555555,xyz,Disconnected,2000
2022-03-10 01:10:58.620592,1111111111,xyz,Connected,0
2022-03-10 01:10:58.620592,2222222222,xyz,Connected,0
2022-03-10 01:10:58.620592,3333333333,xyz,Connected,0
2022-03-10 01:10:58.620592,4444444444,xyz,Connected,0
2022-03-10 01:10:58.620592,5555555555,xyz,Connected,0
2022-03-10 01:10:58.651849,1111111111,xyz,Disconnected,2000
2022-03-10 01:10:58.651849,2222222222,xyz,Disconnected,2000
2022-03-10 01:10:58.651849,3333333333,xyz,Disconnected,2000
2022-03-10 01:10:58.651849,4444444444,xyz,Disconnected,2000
2022-03-10 01:10:58.651849,5555555555,xyz,Disconnected,2000
2022-03-10 01:10:58.777202,1111111111,xyz,Connected,0
2022-03-10 01:10:58.777202,2222222222,xyz,Connected,0
2022-03-10 01:10:58.777202,3333333333,xyz,Connected,0
2022-03-10 01:10:58.777202,4444444444,xyz,Connected,0
2022-03-10 01:10:58.777202,5555555555,xyz,Connected,0
2022-03-10 01:10:58.808448,1111111111,xyz,Disconnected,2000
2022-03-10 01:10:58.808448,2222222222,xyz,Disconnected,2000
2022-03-10 01:10:58.808448,3333333333,xyz,Disconnected,2000
2022-03-10 01:10:58.808448,4444444444,xyz,Disconnected,2000
2022-03-10 01:10:58.808448,5555555555,xyz,Disconnected,2000
2022-03-10 01:10:58.938767,1111111111,xyz,Connected,0
2022-03-10 01:10:58.938767,2222222222,xyz,Connected,0
2022-03-10 01:10:58.938767,3333333333,xyz,Connected,0
2022-03-10 01:10:58.938767,4444444444,xyz,Connected,0
2022-03-10 01:10:58.938767,5555555555,xyz,Connected,0
2022-03-10 01:10:58.970013,1111111111,xyz,Disconnected,2000
2022-03-10 01:10:58.970013,2222222222,xyz,Disconnected,2000
2022-03-10 01:10:58.970013,3333333333,xyz,Disconnected,2000
2022-03-10 01:10:58.970013,4444444444,xyz,Disconnected,2000
2022-03-10 01:10:58.970013,5555555555,xyz,Disconnected,2000
2022-03-10 01:10:59.095342,1111111111,xyz,Connected,0
2022-03-10 01:10:59.095342,2222222222,xyz,Connected,0
2022-03-10 01:10:59.095342,3333333333,xyz,Connected,0
2022-03-10 01:10:59.095342,4444444444,xyz,Connected,0
2022-03-10 01:10:59.095342,5555555555,xyz,Connected,0
2022-03-10 01:10:59.127071,1111111111,xyz,Disconnected,2000
2022-03-10 01:10:59.127071,2222222222,xyz,Disconnected,2000
2022-03-10 01:10:59.127071,3333333333,xyz,Disconnected,2000
2022-03-10 01:10:59.127071,4444444444,xyz,Disconnected,2000
2022-03-10 01:10:59.127071,5555555555,xyz,Disconnected,2000
2022-03-10 01:10:59.249141,1111111111,xyz,Connected,0
2022-03-10 01:10:59.249141,2222222222,xyz,Connected,0
2022-03-10 01:10:59.249141,3333333333,xyz,Connected,0
2022-03-10 01:10:59.249141,4444444444,xyz,Connected,0
2022-03-10 01:10:59.249141,5555555555,xyz,Connected,0
2022-03-10 01:10:59.280413,1111111111,xyz,Disconnected,2000
2022-03-10 01:10:59.280413,2222222222,xyz,Disconnected,2000
2022-03-10 01:10:59.280413,3333333333,xyz,Disconnected,2000
2022-03-10 01:10:59.280413,4444444444,xyz,Disconnected,2000
2022-03-10 01:10:59.280413,5555555555,xyz,Disconnected,2000
2022-03-10 01:10:59.405744,1111111111,xyz,Connected,0
2022-03-10 01:10:59.405744,2222222222,xyz,Connected,0
2022-03-10 01:10:59.405744,3333333333,xyz,Connected,0
2022-03-10 01:10:59.405744,4444444444,xyz,Connected,0
2022-03-10 01:10:59.405744,5555555555,xyz,Connected,0
2022-03-10 01:10:59.437639,1111111111,xyz,Disconnected,2000
2022-03-10 01:10:59.437639,2222222222,xyz,Disconnected,2000
2022-03-10 01:10:59.437639,3333333333,xyz,Disconnected,2000
2022-03-10 01:10:59.437639,4444444444,xyz,Disconnected,2000
2022-03-10 01:10:59.437639,5555555555,xyz,Disconnected,2000
2022-03-10 01:10:59.562934,1111111111,xyz,Connected,0
2022-03-10 01:10:59.562934,2222222222,xyz,Connected,0
2022-03-10 01:10:59.562934,3333333333,xyz,Connected,0
2022-03-10 01:10:59.562934,4444444444,xyz,Connected,0
2022-03-10 01:10:59.562934,5555555555,xyz,Connected,0
2022-03-10 01:10:59.594179,1111111111,xyz,Disconnected,2000
2022-03-10 01:10:59.594179,2222222222,xyz,Disconnected,2000
2022-03-10 01:10:59.594179,3333333333,xyz,Disconnected,2000
2022-03-10 01:10:59.594179,4444444444,xyz,Disconnected,2000
2022-03-10 01:10:59.594179,5555555555,xyz,Disconnected,2000
2022-03-10 01:10:59.715660,1111111111,xyz,Connected,0
2022-03-10 01:10:59.715660,2222222222,xyz,Connected,0
2022-03-10 01:10:59.715660,3333333333,xyz,Connected,0
2022-03-10 01:10:59.715660,4444444444,xyz,Connected,0
2022-03-10 01:10:59.715660,5555555555,xyz,Connected,0
2022-03-10 01:10:59.746922,1111111111,xyz,Disconnected,2000
2022-03-10 01:10:59.746922,2222222222,xyz,Disconnected,2000
2022-03-10 01:10:59.746922,3333333333,xyz,Disconnected,2000
2022-03-10 01:10:59.746922,4444444444,xyz,Disconnected,2000
2022-03-10 01:10:59.746922,5555555555,xyz,Disconnected,2000
2022-03-10 01:10:59.872351,1111111111,xyz,Connected,0
2022-03-10 01:10:59.872351,2222222222,xyz,Connected,0
2022-03-10 01:10:59.872351,3333333333,xyz,Connected,0
2022-03-10 01:10:59.872351,4444444444,xyz,Connected,0
2022-03-10 01:10:59.872351,5555555555,xyz,Connected,0
2022-03-10 01:10:59.903596,1111111111,xyz,Disconnected,2000
2022-03-10 01:10:59.903596,2222222222,xyz,Disconnected,2000
2022-03-10 01:10:59.903596,3333333333,xyz,Disconnected,2000
2022-03-10 01:10:59.903596,4444444444,xyz,Disconnected,2000
2022-03-10 01:10:59.903596,5555555555,xyz,Disconnected,2000
2022-03-10 01:11:00.022827,1111111111,xyz,Connected,0
2022-03-10 01:11:00.022827,2222222222,xyz,Connected,0
2022-03-10 01:11:00.022827,3333333333,xyz,Connected,0
2022-03-10 01:11:00.022827,4444444444,xyz,Connected,0
2022-03-10 01:11:00.022827,5555555555,xyz,Connected,0
2022-03-10 01:11:00.053990,1111111111,xyz,Disconnected,2000
2022-03-10 01:11:00.053990,2222222222,xyz,Disconnected,2000
2022-03-10 01:11:00.053990,3333333333,xyz,Disconnected,2000
2022-03-10 01:11:00.053990,4444444444,xyz,Disconnected,2000
2022-03-10 01:11:00.053990,5555555555,xyz,Disconnected,2000
2022-03-10 01:11:00.179704,1111111111,xyz,Connected,0
2022-03-10 01:11:00.179704,2222222222,xyz,Connected,0
2022-03-10 01:11:00.179704,3333333333,xyz,Connected,0
2022-03-10 01:11:00.179704,4444444444,xyz,Connected,0
2022-03-10 01:11:00.179704,5555555555,xyz,Connected,0
2022-03-10 01:11:00.220414,1111111111,xyz,Disconnected,2000
2022-03-10 01:11:00.220620,2222222222,xyz,Disconnected,2000
2022-03-10 01:11:00.220620,3333333333,xyz,Disconnected,2000
2022-03-10 01:11:00.220620,4444444444,xyz,Disconnected,2000
2022-03-10 01:11:00.220620,5555555555,xyz,Disconnected,2000
2022-03-10 01:11:00.347313,1111111111,xyz,Connected,0
2022-03-10 01:11:00.347313,2222222222,xyz,Connected,0
2022-03-10 01:11:00.347313,3333333333,xyz,Connected,0
2022-03-10 01:11:00.347313,4444444444,xyz,Connected,0
2022-03-10 01:11:00.347313,5555555555,xyz,Connected,0
2022-03-10 01:11:00.383441,1111111111,xyz,Disconnected,2000
2022-03-10 01:11:00.383441,2222222222,xyz,Disconnected,2000
2022-03-10 01:11:00.383441,3333333333,xyz,Disconnected,2000
2022-03-10 01:11:00.383441,4444444444,xyz,Disconnected,2000
2022-03-10 01:11:00.383441,5555555555,xyz,Disconnected,2000
2022-03-10 01:11:00.508975,1111111111,xyz,Connected,0
2022-03-10 01:11:00.508975,2222222222,xyz,Connected,0
2022-03-10 01:11:00.508975,3333333333,xyz,Connected,0
2022-03-10 01:11:00.508975,4444444444,xyz,Connected,0
2022-03-10 01:11:00.508975,5555555555,xyz,Connected,0
2022-03-10 01:11:00.540366,1111111111,xyz,Disconnected,2000
2022-03-10 01:11:00.540366,2222222222,xyz,Disconnected,2000
2022-03-10 01:11:00.540366,3333333333,xyz,Disconnected,2000
2022-03-10 01:11:00.540366,4444444444,xyz,Disconnected,2000
2022-03-10 01:11:00.540366,5555555555,xyz,Disconnected,2000
2022-03-10 01:11:00.664521,1111111111,xyz,Connected,0
2022-03-10 01:11:00.664521,2222222222,xyz,Connected,0
2022-03-10 01:11:00.664521,3333333333,xyz,Connected,0
2022-03-10 01:11:00.664521,4444444444,xyz,Connected,0
2022-03-10 01:11:00.664521,5555555555,xyz,Connected,0
2022-03-10 01:11:00.695766,1111111111,xyz,Disconnected,2000
2022-03-10 01:11:00.695766,2222222222,xyz,Disconnected,2000
2022-03-10 01:11:00.695766,3333333333,xyz,Disconnected,2000
2022-03-10 01:11:00.695766,4444444444,xyz,Disconnected,2000
2022-03-10 01:11:00.695766,5555555555,xyz,Disconnected,2000
2022-03-10 01:11:00.821325,1111111111,xyz,Connected,0
2022-03-10 01:11:00.821325,2222222222,xyz,Connected,0
2022-03-10 01:11:00.821325,3333333333,xyz,Connected,0
2022-03-10 01:11:00.821325,4444444444,xyz,Connected,0
2022-03-10 01:11:00.821325,5555555555,xyz,Connected,0
2022-03-10 01:11:00.852579,1111111111,xyz,Disconnected,2000
2022-03-10 01:11:00.852579,2222222222,xyz,Disconnected,2000
2022-03-10 01:11:00.852579,3333333333,xyz,Disconnected,2000
2022-03-10 01:11:00.852579,4444444444,xyz,Disconnected,2000
2022-03-10 01:11:00.852579,5555555555,xyz,Disconnected,2000
2022-03-10 01:11:00.977902,1111111111,xyz,Connected,0
2022-03-10 01:11:00.977902,2222222222,xyz,Connected,0
2022-03-10 01:11:00.977902,3333333333,xyz,Connected,0
2022-03-10 01:11:00.977902,4444444444,xyz,Connected,0
2022-03-10 01:11:00.977902,5555555555,xyz,Connected,0
2022-03-10 01:11:01.016650,1111111111,xyz,Disconnected,2000
2022-03-10 01:11:01.016650,2222222222,xyz,Disconnected,2000
2022-03-10 01:11:01.016650,3333333333,xyz,Disconnected,2000
2022-03-10 01:11:01.016650,4444444444,xyz,Disconnected,2000
2022-03-10 01:11:01.016650,5555555555,xyz,Disconnected,2000
2022-03-10 01:11:01.142666,1111111111,xyz,Connected,0
2022-03-10 01:11:01.142666,2222222222,xyz,Connected,0
2022-03-10 01:11:01.142666,3333333333,xyz,Connected,0
2022-03-10 01:11:01.142666,4444444444,xyz,Connected,0
2022-03-10 01:11:01.142666,5555555555,xyz,Connected,0
2022-03-10 01:11:01.174003,1111111111,xyz,Disconnected,2000
2022-03-10 01:11:01.174003,2222222222,xyz,Disconnected,2000
2022-03-10 01:11:01.174003,3333333333,xyz,Disconnected,2000
2022-03-10 01:11:01.174003,4444444444,xyz,Disconnected,2000
2022-03-10 01:11:01.174003,5555555555,xyz,Disconnected,2000
2022-03-10 01:11:01.293052,1111111111,xyz,Connected,0
2022-03-10 01:11:01.293052,2222222222,xyz,Connected,0
2022-03-10 01:11:01.293052,3333333333,xyz,Connected,0
2022-03-10 01:11:01.293052,4444444444,xyz,Connected,0
2022-03-10 01:11:01.293052,5555555555,xyz,Connected,0
2022-03-10 01:11:01.325441,1111111111,xyz,Disconnected,2000
2022-03-10 01:11:01.325441,2222222222,xyz,Disconnected,2000
2022-03-10 01:11:01.325441,3333333333,xyz,Disconnected,2000
2022-03-10 01:11:01.325441,4444444444,xyz,Disconnected,2000
2022-03-10 01:11:01.325441,5555555555,xyz,Disconnected,2000
2022-03-10 01:11:01.451902,1111111111,xyz,Connected,0
2022-03-10 01:11:01.452067,2222222222,xyz,Connected,0
2022-03-10 01:11:01.452067,3333333333,xyz,Connected,0
2022-03-10 01:11:01.452067,4444444444,xyz,Connected,0
2022-03-10 01:11:01.452067,5555555555,xyz,Connected,0
2022-03-10 01:11:01.483652,1111111111,xyz,Disconnected,2000
2022-03-10 01:11:01.483652,2222222222,xyz,Disconnected,2000
2022-03-10 01:11:01.483652,3333333333,xyz,Disconnected,2000
2022-03-10 01:11:01.483652,4444444444,xyz,Disconnected,2000
2022-03-10 01:11:01.483652,5555555555,xyz,Disconnected,2000
2022-03-10 01:11:01.613668,1111111111,xyz,Connected,0
2022-03-10 01:11:01.613668,2222222222,xyz,Connected,0
2022-03-10 01:11:01.613668,3333333333,xyz,Connected,0
2022-03-10 01:11:01.613668,4444444444,xyz,Connected,0
2022-03-10 01:11:01.613668,5555555555,xyz,Connected,0
2022-03-10 01:11:01.645547,1111111111,xyz,Disconnected,2000
2022-03-10 01:11:01.645547,2222222222,xyz,Disconnected,2000
2022-03-10 01:11:01.645547,3333333333,xyz,Disconnected,2000
2022-03-10 01:11:01.645547,4444444444,xyz,Disconnected,2000
2022-03-10 01:11:01.645547,5555555555,xyz,Disconnected,2000
2022-03-10 01:11:01.771172,1111111111,xyz,Connected,0
2022-03-10 01:11:01.771172,2222222222,xyz,Connected,0
2022-03-10 01:11:01.771172,3333333333,xyz,Connected,0
2022-03-10 01:11:01.771172,4444444444,xyz,Connected,0
2022-03-10 01:11:01.771172,5555555555,xyz,Connected,0
2022-03-10 01:11:01.802596,1111111111,xyz,Disconnected,2000
2022-03-10 01:11:01.802596,2222222222,xyz,Disconnected,2000
2022-03-10 01:11:01.802596,3333333333,xyz,Disconnected,2000
2022-03-10 01:11:01.802596,4444444444,xyz,Disconnected,2000
2022-03-10 01:11:01.802596,5555555555,xyz,Disconnected,2000
2022-03-10 01:11:01.928691,1111111111,xyz,Connected,0
2022-03-10 01:11:01.928691,2222222222,xyz,Connected,0
2022-03-10 01:11:01.928691,3333333333,xyz,Connected,0
2022-03-10 01:11:01.928691,4444444444,xyz,Connected,0
2022-03-10 01:11:01.928691,5555555555,xyz,Connected,0
2022-03-10 01:11:01.967306,1111111111,xyz,Disconnected,2000
2022-03-10 01:11:01.967589,2222222222,xyz,Disconnected,2000
2022-03-10 01:11:01.967589,3333333333,xyz,Disconnected,2000
2022-03-10 01:11:01.967589,4444444444,xyz,Disconnected,2000
2022-03-10 01:11:01.967589,5555555555,xyz,Disconnected,2000
2022-03-10 01:11:02.099676,1111111111,xyz,Connected,0
2022-03-10 01:11:02.099676,2222222222,xyz,Connected,0
2022-03-10 01:11:02.099676,3333333333,xyz,Connected,0
2022-03-10 01:11:02.099676,4444444444,xyz,Connected,0
2022-03-10 01:11:02.099676,5555555555,xyz,Connected,0
2022-03-10 01:11:02.131488,1111111111,xyz,Disconnected,2000
2022-03-10 01:11:02.131488,2222222222,xyz,Disconnected,2000
2022-03-10 01:11:02.131488,3333333333,xyz,Disconnected,2000
2022-03-10 01:11:02.131488,4444444444,xyz,Disconnected,2000
2022-03-10 01:11:02.131488,5555555555,xyz,Disconnected,2000
2022-03-10 01:11:02.250659,1111111111,xyz,Connected,0
2022-03-10 01:11:02.250659,2222222222,xyz,Connected,0
2022-03-10 01:11:02.250659,3333333333,xyz,Connected,0
2022-03-10 01:11:02.250659,4444444444,xyz,Connected,0
2022-03-10 01:11:02.250659,5555555555,xyz,Connected,0
2022-03-10 01:11:02.282526,1111111111,xyz,Disconnected,2000
2022-03-10 01:11:02.282526,2222222222,xyz,Disconnected,2000
2022-03-10 01:11:02.282526,3333333333,xyz,Disconnected,2000
2022-03-10 01:11:02.282526,4444444444,xyz,Disconnected,2000
2022-03-10 01:11:02.282526,5555555555,xyz,Disconnected,2000
2022-03-10 01:11:02.408089,1111111111,xyz,Connected,0
2022-03-10 01:11:02.408089,2222222222,xyz,Connected,0
2022-03-10 01:11:02.408089,3333333333,xyz,Connected,0
2022-03-10 01:11:02.408089,4444444444,xyz,Connected,0
2022-03-10 01:11:02.408089,5555555555,xyz,Connected,0
2022-03-10 01:11:02.439737,1111111111,xyz,Disconnected,2000
2022-03-10 01:11:02.439737,2222222222,xyz,Disconnected,2000
2022-03-10 01:11:02.439737,3333333333,xyz,Disconnected,2000
2022-03-10 01:11:02.439737,4444444444,xyz,Disconnected,2000
2022-03-10 01:11:02.439737,5555555555,xyz,Disconnected,2000
2022-03-10 01:11:02.567511,1111111111,xyz,Connected,0
2022-03-10 01:11:02.567511,2222222222,xyz,Connected,0
2022-03-10 01:11:02.567511,3333333333,xyz,Connected,0
2022-03-10 01:11:02.567511,4444444444,xyz,Connected,0
2022-03-10 01:11:02.567511,5555555555,xyz,Connected,0
2022-03-10 01:11:02.604670,1111111111,xyz,Disconnected,2000
2022-03-10 01:11:02.604670,2222222222,xyz,Disconnected,2000
2022-03-10 01:11:02.604670,3333333333,xyz,Disconnected,2000
2022-03-10 01:11:02.604670,4444444444,xyz,Disconnected,2000
2022-03-10 01:11:02.604670,5555555555,xyz,Disconnected,2000
2022-03-10 01:11:02.730658,1111111111,xyz,Connected,0
2022-03-10 01:11:02.730658,2222222222,xyz,Connected,0
2022-03-10 01:11:02.730658,3333333333,xyz,Connected,0
2022-03-10 01:11:02.730658,4444444444,xyz,Connected,0
2022-03-10 01:11:02.730658,5555555555,xyz,Connected,0
2022-03-10 01:11:02.761921,1111111111,xyz,Disconnected,2000
2022-03-10 01:11:02.761921,2222222222,xyz,Disconnected,2000
2022-03-10 01:11:02.761921,3333333333,xyz,Disconnected,2000
2022-03-10 01:11:02.761921,4444444444,xyz,Disconnected,2000
2022-03-10 01:11:02.761921,5555555555,xyz,Disconnected,2000
2022-03-10 01:11:02.887334,1111111111,xyz,Connected,0
2022-03-10 01:11:02.887334,2222222222,xyz,Connected,0
2022-03-10 01:11:02.887334,3333333333,xyz,Connected,0
2022-03-10 01:11:02.887334,4444444444,xyz,Connected,0
2022-03-10 01:11:02.887334,5555555555,xyz,Connected,0
2022-03-10 01:11:02.918643,1111111111,xyz,Disconnected,2000
2022-03-10 01:11:02.918643,2222222222,xyz,Disconnected,2000
2022-03-10 01:11:02.918643,3333333333,xyz,Disconnected,2000
2022-03-10 01:11:02.918643,4444444444,xyz,Disconnected,2000
2022-03-10 01:11:02.918643,5555555555,xyz,Disconnected,2000
2022-03-10 01:11:03.044597,1111111111,xyz,Connected,0
2022-03-10 01:11:03.044597,2222222222,xyz,Connected,0
2022-03-10 01:11:03.044597,3333333333,xyz,Connected,0
2022-03-10 01:11:03.044597,4444444444,xyz,Connected,0
2022-03-10 01:11:03.044597,5555555555,xyz,Connected,0
2022-03-10 01:11:03.075861,1111111111,xyz,Disconnected,2000
2022-03-10 01:11:03.075861,2222222222,xyz,Disconnected,2000
2022-03-10 01:11:03.075861,3333333333,xyz,Disconnected,2000
2022-03-10 01:11:03.075861,4444444444,xyz,Disconnected,2000
2022-03-10 01:11:03.075861,5555555555,xyz,Disconnected,2000
2022-03-10 01:11:03.205206,1111111111,xyz,Connected,0
2022-03-10 01:11:03.205206,2222222222,xyz,Connected,0
2022-03-10 01:11:03.205206,3333333333,xyz,Connected,0
2022-03-10 01:11:03.205206,4444444444,xyz,Connected,0
2022-03-10 01:11:03.205206,5555555555,xyz,Connected,0
2022-03-10 01:11:03.236841,1111111111,xyz,Disconnected,2000
2022-03-10 01:11:03.236841,2222222222,xyz,Disconnected,2000
2022-03-10 01:11:03.236841,3333333333,xyz,Disconnected,2000
2022-03-10 01:11:03.236841,4444444444,xyz,Disconnected,2000
2022-03-10 01:11:03.236841,5555555555,xyz,Disconnected,2000
2022-03-10 01:11:03.354714,1111111111,xyz,Connected,0
2022-03-10 01:11:03.354714,2222222222,xyz,Connected,0
2022-03-10 01:11:03.354714,3333333333,xyz,Connected,0
2022-03-10 01:11:03.354714,4444444444,xyz,Connected,0
2022-03-10 01:11:03.354714,5555555555,xyz,Connected,0
2022-03-10 01:11:03.385970,1111111111,xyz,Disconnected,2000
2022-03-10 01:11:03.385970,2222222222,xyz,Disconnected,2000
2022-03-10 01:11:03.385970,3333333333,xyz,Disconnected,2000
2022-03-10 01:11:03.385970,4444444444,xyz,Disconnected,2000
2022-03-10 01:11:03.385970,5555555555,xyz,Disconnected,2000
2022-03-10 01:11:03.510401,1111111111,xyz,Connected,0
2022-03-10 01:11:03.510401,2222222222,xyz,Connected,0
2022-03-10 01:11:03.510401,3333333333,xyz,Connected,0
2022-03-10 01:11:03.510401,4444444444,xyz,Connected,0
2022-03-10 01:11:03.510401,5555555555,xyz,Connected,0
2022-03-10 01:11:03.542063,1111111111,xyz,Disconnected,2000
2022-03-10 01:11:03.542063,2222222222,xyz,Disconnected,2000
2022-03-10 01:11:03.542063,3333333333,xyz,Disconnected,2000
2022-03-10 01:11:03.542063,4444444444,xyz,Disconnected,2000
2022-03-10 01:11:03.542063,5555555555,xyz,Disconnected,2000
2022-03-10 01:11:03.674119,1111111111,xyz,Connected,0
2022-03-10 01:11:03.674119,2222222222,xyz,Connected,0
2022-03-10 01:11:03.674119,3333333333,xyz,Connected,0
2022-03-10 01:11:03.674119,4444444444,xyz,Connected,0
2022-03-10 01:11:03.674119,5555555555,xyz,Connected,0
2022-03-10 01:11:03.705952,1111111111,xyz,Disconnected,2000
2022-03-10 01:11:03.705952,2222222222,xyz,Disconnected,2000
2022-03-10 01:11:03.705952,3333333333,xyz,Disconnected,2000
2022-03-10 01:11:03.705952,4444444444,xyz,Disconnected,2000
2022-03-10 01:11:03.705952,5555555555,xyz,Disconnected,2000
2022-03-10 01:11:03.832468,1111111111,xyz,Connected,0
2022-03-10 01:11:03.832468,2222222222,xyz,Connected,0
2022-03-10 01:11:03.832468,3333333333,xyz,Connected,0
2022-03-10 01:11:03.832468,4444444444,xyz,Connected,0
2022-03-10 01:11:03.832468,5555555555,xyz,Connected,0
2022-03-10 01:11:03.863728,1111111111,xyz,Disconnected,2000
2022-03-10 01:11:03.863728,2222222222,xyz,Disconnected,2000
2022-03-10 01:11:03.863728,3333333333,xyz,Disconnected,2000
2022-03-10 01:11:03.863728,4444444444,xyz,Disconnected,2000
2022-03-10 01:11:03.863728,5555555555,xyz,Disconnected,2000
2022-03-10 01:11:03.989254,1111111111,xyz,Connected,0
2022-03-10 01:11:03.989254,2222222222,xyz,Connected,0
2022-03-10 01:11:03.989254,3333333333,xyz,Connected,0
2022-03-10 01:11:03.989254,4444444444,xyz,Connected,0
2022-03-10 01:11:03.989254,5555555555,xyz,Connected,0
2022-03-10 01:11:04.020485,1111111111,xyz,Disconnected,2000
2022-03-10 01:11:04.020485,2222222222,xyz,Disconnected,2000
2022-03-10 01:11:04.020485,3333333333,xyz,Disconnected,2000
2022-03-10 01:11:04.020485,4444444444,xyz,Disconnected,2000
2022-03-10 01:11:04.020485,5555555555,xyz,Disconnected,2000
2022-03-10 01:11:04.147106,1111111111,xyz,Connected,0
2022-03-10 01:11:04.147106,2222222222,xyz,Connected,0
2022-03-10 01:11:04.147106,3333333333,xyz,Connected,0
2022-03-10 01:11:04.147267,4444444444,xyz,Connected,0
2022-03-10 01:11:04.147267,5555555555,xyz,Connected,0
2022-03-10 01:11:04.183276,1111111111,xyz,Disconnected,2000
2022-03-10 01:11:04.183276,2222222222,xyz,Disconnected,2000
2022-03-10 01:11:04.183276,3333333333,xyz,Disconnected,2000
2022-03-10 01:11:04.183276,4444444444,xyz,Disconnected,2000
2022-03-10 01:11:04.183276,5555555555,xyz,Disconnected,2000
2022-03-10 01:11:04.303696,1111111111,xyz,Connected,0
2022-03-10 01:11:04.303696,2222222222,xyz,Connected,0
2022-03-10 01:11:04.303696,3333333333,xyz,Connected,0
2022-03-10 01:11:04.303696,4444444444,xyz,Connected,0
2022-03-10 01:11:04.303696,5555555555,xyz,Connected,0
2022-03-10 01:11:04.335428,1111111111,xyz,Disconnected,2000
2022-03-10 01:11:04.335428,2222222222,xyz,Disconnected,2000
2022-03-10 01:11:04.335428,3333333333,xyz,Disconnected,2000
2022-03-10 01:11:04.335428,4444444444,xyz,Disconnected,2000
2022-03-10 01:11:04.335428,5555555555,xyz,Disconnected,2000
2022-03-10 01:11:04.461629,1111111111,xyz,Connected,0
2022-03-10 01:11:04.461629,2222222222,xyz,Connected,0
2022-03-10 01:11:04.461629,3333333333,xyz,Connected,0
2022-03-10 01:11:04.461629,4444444444,xyz,Connected,0
2022-03-10 01:11:04.461629,5555555555,xyz,Connected,0
2022-03-10 01:11:04.492872,1111111111,xyz,Disconnected,2000
2022-03-10 01:11:04.492872,2222222222,xyz,Disconnected,2000
2022-03-10 01:11:04.492872,3333333333,xyz,Disconnected,2000
2022-03-10 01:11:04.492872,4444444444,xyz,Disconnected,2000
2022-03-10 01:11:04.492872,5555555555,xyz,Disconnected,2000
2022-03-10 01:11:04.618300,1111111111,xyz,Connected,0
2022-03-10 01:11:04.618300,2222222222,xyz,Connected,0
2022-03-10 01:11:04.618300,3333333333,xyz,Connected,0
2022-03-10 01:11:04.618300,4444444444,xyz,Connected,0
2022-03-10 01:11:04.618300,5555555555,xyz,Connected,0
2022-03-10 01:11:04.650152,1111111111,xyz,Disconnected,2000
2022-03-10 01:11:04.650152,2222222222,xyz,Disconnected,2000
2022-03-10 01:11:04.650152,3333333333,xyz,Disconnected,2000
2022-03-10 01:11:04.650152,4444444444,xyz,Disconnected,2000
2022-03-10 01:11:04.650152,5555555555,xyz,Disconnected,2000
2022-03-10 01:11:04.769792,1111111111,xyz,Connected,0
2022-03-10 01:11:04.769792,2222222222,xyz,Connected,0
2022-03-10 01:11:04.769792,3333333333,xyz,Connected,0
2022-03-10 01:11:04.769792,4444444444,xyz,Connected,0
2022-03-10 01:11:04.769792,5555555555,xyz,Connected,0
2022-03-10 01:11:04.800988,1111111111,xyz,Disconnected,2000
2022-03-10 01:11:04.800988,2222222222,xyz,Disconnected,2000
2022-03-10 01:11:04.801217,3333333333,xyz,Disconnected,2000
2022-03-10 01:11:04.801217,4444444444,xyz,Disconnected,2000
2022-03-10 01:11:04.801217,5555555555,xyz,Disconnected,2000
2022-03-10 01:11:04.927170,1111111111,xyz,Connected,0
2022-03-10 01:11:04.927170,2222222222,xyz,Connected,0
2022-03-10 01:11:04.927170,3333333333,xyz,Connected,0
2022-03-10 01:11:04.927170,4444444444,xyz,Connected,0
2022-03-10 01:11:04.927170,5555555555,xyz,Connected,0
2022-03-10 01:11:04.958847,1111111111,xyz,Disconnected,2000
2022-03-10 01:11:04.958847,2222222222,xyz,Disconnected,2000
2022-03-10 01:11:04.958847,3333333333,xyz,Disconnected,2000
2022-03-10 01:11:04.958847,4444444444,xyz,Disconnected,2000
2022-03-10 01:11:04.958847,5555555555,xyz,Disconnected,2000
2022-03-10 01:11:05.078304,1111111111,xyz,Connected,0
2022-03-10 01:11:05.078304,2222222222,xyz,Connected,0
2022-03-10 01:11:05.078304,3333333333,xyz,Connected,0
2022-03-10 01:11:05.078304,4444444444,xyz,Connected,0
2022-03-10 01:11:05.078304,5555555555,xyz,Connected,0
2022-03-10 01:11:05.109555,1111111111,xyz,Disconnected,2000
2022-03-10 01:11:05.109555,2222222222,xyz,Disconnected,2000
2022-03-10 01:11:05.109555,3333333333,xyz,Disconnected,2000
2022-03-10 01:11:05.109555,4444444444,xyz,Disconnected,2000
2022-03-10 01:11:05.109555,5555555555,xyz,Disconnected,2000
2022-03-10 01:11:05.235244,1111111111,xyz,Connected,0
2022-03-10 01:11:05.235244,2222222222,xyz,Connected,0
2022-03-10 01:11:05.235244,3333333333,xyz,Connected,0
2022-03-10 01:11:05.235244,4444444444,xyz,Connected,0
2022-03-10 01:11:05.235244,5555555555,xyz,Connected,0
2022-03-10 01:11:05.276095,1111111111,xyz,Disconnected,2000
2022-03-10 01:11:05.276095,2222222222,xyz,Disconnected,2000
2022-03-10 01:11:05.276095,3333333333,xyz,Disconnected,2000
2022-03-10 01:11:05.276095,4444444444,xyz,Disconnected,2000
2022-03-10 01:11:05.276095,5555555555,xyz,Disconnected,2000
2022-03-10 01:11:05.401252,1111111111,xyz,Connected,0
2022-03-10 01:11:05.401252,2222222222,xyz,Connected,0
2022-03-10 01:11:05.401252,3333333333,xyz,Connected,0
2022-03-10 01:11:05.401252,4444444444,xyz,Connected,0
2022-03-10 01:11:05.401252,5555555555,xyz,Connected,0
2022-03-10 01:11:05.432572,1111111111,xyz,Disconnected,2000
2022-03-10 01:11:05.432572,2222222222,xyz,Disconnected,2000
2022-03-10 01:11:05.432572,3333333333,xyz,Disconnected,2000
2022-03-10 01:11:05.432572,4444444444,xyz,Disconnected,2000
2022-03-10 01:11:05.432572,5555555555,xyz,Disconnected,2000
2022-03-10 01:11:05.558025,1111111111,xyz,Connected,0
2022-03-10 01:11:05.558025,2222222222,xyz,Connected,0
2022-03-10 01:11:05.558025,3333333333,xyz,Connected,0
2022-03-10 01:11:05.558025,4444444444,xyz,Connected,0
2022-03-10 01:11:05.558025,5555555555,xyz,Connected,0
2022-03-10 01:11:05.589270,1111111111,xyz,Disconnected,2000
2022-03-10 01:11:05.589270,2222222222,xyz,Disconnected,2000
2022-03-10 01:11:05.589270,3333333333,xyz,Disconnected,2000
2022-03-10 01:11:05.589270,4444444444,xyz,Disconnected,2000
2022-03-10 01:11:05.589270,5555555555,xyz,Disconnected,2000
2022-03-10 01:11:05.716683,1111111111,xyz,Connected,0
2022-03-10 01:11:05.716683,2222222222,xyz,Connected,0
2022-03-10 01:11:05.716683,3333333333,xyz,Connected,0
2022-03-10 01:11:05.716683,4444444444,xyz,Connected,0
2022-03-10 01:11:05.716683,5555555555,xyz,Connected,0
2022-03-10 01:11:05.748041,1111111111,xyz,Disconnected,2000
2022-03-10 01:11:05.748041,2222222222,xyz,Disconnected,2000
2022-03-10 01:11:05.748041,3333333333,xyz,Disconnected,2000
2022-03-10 01:11:05.748041,4444444444,xyz,Disconnected,2000
2022-03-10 01:11:05.748041,5555555555,xyz,Disconnected,2000
